id,status,scope,type,severity,file,start_line,end_line,summary,patch_path,preview_path,campaign,original_hash,reviewer_notes,decided_at,applied_at,apply_error
MEAT-9001,accepted,localized,clarity,medium,books/symbolic-language/00-how-to-use.adoc,17,17,Replace the vague pronoun with its clear antecedent.,books/symbolic-language/editorial-review/2026-07-11-phase-9-grok-full-book/patches/MEAT-9001.diff,books/symbolic-language/editorial-review/2026-07-11-phase-9-grok-full-book/previews/MEAT-9001.md,P9-C001,637e6d28ceed9a7e,,2026-07-11T20:09:40+00:00,,
MEAT-9002,accepted,localized,tone-register,medium,books/symbolic-language/00-how-to-use.adoc,21,21,Restore first-person voice for the author's own editorial step.,books/symbolic-language/editorial-review/2026-07-11-phase-9-grok-full-book/patches/MEAT-9002.diff,books/symbolic-language/editorial-review/2026-07-11-phase-9-grok-full-book/previews/MEAT-9002.md,P9-C001,2b9a26faae84e4c9,,2026-07-11T20:09:51+00:00,,
MEAT-9003,accepted,localized,grammar,low,books/symbolic-language/00-how-to-use.adoc,27,27,Match number with the following sentence.,books/symbolic-language/editorial-review/2026-07-11-phase-9-grok-full-book/patches/MEAT-9003.diff,books/symbolic-language/editorial-review/2026-07-11-phase-9-grok-full-book/previews/MEAT-9003.md,P9-C001,f556d601923acf91,,2026-07-11T20:10:02+00:00,,
MEAT-9004,pending,localized,grammar,high,books/symbolic-language/01-introduction.adoc,22,22,Restore the missing relative pronoun and remove the sentence-opening That.,books/symbolic-language/editorial-review/2026-07-11-phase-9-grok-full-book/patches/MEAT-9004.diff,books/symbolic-language/editorial-review/2026-07-11-phase-9-grok-full-book/previews/MEAT-9004.md,P9-C001,8f760b6b3a4f1186,"agree with the dirrection of the change, but the patch looks corrupt so need AI review",2026-07-11T20:11:09+00:00,,
MEAT-9005,accepted,localized,sentence-open,high,books/symbolic-language/01-introduction.adoc,38,38,Remove sentence-opening And in author prose.,books/symbolic-language/editorial-review/2026-07-11-phase-9-grok-full-book/patches/MEAT-9005.diff,books/symbolic-language/editorial-review/2026-07-11-phase-9-grok-full-book/previews/MEAT-9005.md,P9-C001,b2b3c404dceabbf8,,2026-07-11T20:11:30+00:00,,
MEAT-9006,accepted,localized,sentence-open,high,books/symbolic-language/01-introduction.adoc,60,60,Remove sentence-opening And in author prose.,books/symbolic-language/editorial-review/2026-07-11-phase-9-grok-full-book/patches/MEAT-9006.diff,books/symbolic-language/editorial-review/2026-07-11-phase-9-grok-full-book/previews/MEAT-9006.md,P9-C001,bfc54532e232a378,,2026-07-11T20:11:42+00:00,,
MEAT-9007,pending,localized,sentence-open,high,books/symbolic-language/01-introduction.adoc,132,132,Remove sentence-opening That in author prose.,books/symbolic-language/editorial-review/2026-07-11-phase-9-grok-full-book/patches/MEAT-9007.diff,books/symbolic-language/editorial-review/2026-07-11-phase-9-grok-full-book/previews/MEAT-9007.md,P9-C001,cb08eecf95915c83,"I mostly want proper grammar, this and that are the same kind of word.",2026-07-11T20:12:39+00:00,,
MEAT-9008,needs-rewrite,localized,factual,high,books/symbolic-language/01-introduction.adoc,128,128,Align the symbol key with its displayed label.,books/symbolic-language/editorial-review/2026-07-11-phase-9-grok-full-book/patches/MEAT-9008.diff,books/symbolic-language/editorial-review/2026-07-11-phase-9-grok-full-book/previews/MEAT-9008.md,P9-C001,e539d14debbc80ae,"agree the fix is need, the patch appears broken",2026-07-11T20:20:02+00:00,,
MEAT-9009,accepted,localized,bad-metaphor,medium,books/symbolic-language/01-introduction.adoc,40,40,Replace the physically wrong verb “churn” for milk-to-meat.,books/symbolic-language/editorial-review/2026-07-11-phase-9-grok-full-book/patches/MEAT-9009.diff,books/symbolic-language/editorial-review/2026-07-11-phase-9-grok-full-book/previews/MEAT-9009.md,P9-C001,1a22cbd690470f22,"accept the premise, but the detal red/green text appears corrupt",2026-07-11T20:19:47+00:00,,
MEAT-9010,accepted,localized,clarity,medium,books/symbolic-language/01-introduction.adoc,115,115,Correct the implication that the Greek itself was a translation layer.,books/symbolic-language/editorial-review/2026-07-11-phase-9-grok-full-book/patches/MEAT-9010.diff,books/symbolic-language/editorial-review/2026-07-11-phase-9-grok-full-book/previews/MEAT-9010.md,P9-C001,5c48c8823a1e577b,,2026-07-11T20:14:11+00:00,,
MEAT-9011,rejected,localized,sentence-open,high,books/symbolic-language/01-introduction.adoc,148,148,Remove forbidden And sentence open.,books/symbolic-language/editorial-review/2026-07-11-phase-9-grok-full-book/patches/MEAT-9011.diff,books/symbolic-language/editorial-review/2026-07-11-phase-9-grok-full-book/previews/MEAT-9011.md,P9-C001,1fb27fb3fbb1c6ef,,2026-07-11T20:14:35+00:00,,
MEAT-9012,accepted,localized,sentence-open,high,books/symbolic-language/01-introduction.adoc,163,163,Remove forbidden And sentence open.,books/symbolic-language/editorial-review/2026-07-11-phase-9-grok-full-book/patches/MEAT-9012.diff,books/symbolic-language/editorial-review/2026-07-11-phase-9-grok-full-book/previews/MEAT-9012.md,P9-C001,e19c6d3f9810a253,,2026-07-11T20:14:39+00:00,,
MEAT-9013,accepted,localized,ai-sounding-staging,high,books/symbolic-language/01-introduction.adoc,173,173,Cut director cue 'mark that'.,books/symbolic-language/editorial-review/2026-07-11-phase-9-grok-full-book/patches/MEAT-9013.diff,books/symbolic-language/editorial-review/2026-07-11-phase-9-grok-full-book/previews/MEAT-9013.md,P9-C001,7fdd06e4fd5ddca7,,2026-07-11T20:15:11+00:00,,
MEAT-9014,accepted,localized,sentence-open,high,books/symbolic-language/01-introduction.adoc,219,219,Remove forbidden But sentence open.,books/symbolic-language/editorial-review/2026-07-11-phase-9-grok-full-book/patches/MEAT-9014.diff,books/symbolic-language/editorial-review/2026-07-11-phase-9-grok-full-book/previews/MEAT-9014.md,P9-C001,6433c3d5fed4386b,,2026-07-11T20:15:28+00:00,,
MEAT-9015,accepted,localized,sentence-open,high,books/symbolic-language/01-introduction.adoc,246,246,Remove forbidden That sentence open.,books/symbolic-language/editorial-review/2026-07-11-phase-9-grok-full-book/patches/MEAT-9015.diff,books/symbolic-language/editorial-review/2026-07-11-phase-9-grok-full-book/previews/MEAT-9015.md,P9-C001,3b1eaee1f6fc0607,,2026-07-11T20:15:35+00:00,,
MEAT-9016,accepted,localized,ai-sounding-staging,high,books/symbolic-language/01-introduction.adoc,257,257,Cut director cue 'Watch'.,books/symbolic-language/editorial-review/2026-07-11-phase-9-grok-full-book/patches/MEAT-9016.diff,books/symbolic-language/editorial-review/2026-07-11-phase-9-grok-full-book/previews/MEAT-9016.md,P9-C001,7e5ec45e204a8ccd,,2026-07-11T20:15:43+00:00,,
MEAT-9017,rejected,localized,ai-sounding-staging,high,books/symbolic-language/02-the-parables-of-the-kingdom.adoc,16,17,Remove banned director cue.,books/symbolic-language/editorial-review/2026-07-11-phase-9-grok-full-book/patches/MEAT-9017.diff,books/symbolic-language/editorial-review/2026-07-11-phase-9-grok-full-book/previews/MEAT-9017.md,P9-C001,c986e893c21e9398,,2026-07-11T20:16:05+00:00,,
MEAT-9018,accepted,localized,sentence-open,medium,books/symbolic-language/02-the-parables-of-the-kingdom.adoc,21,21,Drop leading And.,books/symbolic-language/editorial-review/2026-07-11-phase-9-grok-full-book/patches/MEAT-9018.diff,books/symbolic-language/editorial-review/2026-07-11-phase-9-grok-full-book/previews/MEAT-9018.md,P9-C001,8c18ad69e03eb026,,2026-07-11T20:16:13+00:00,,
MEAT-9019,accepted,localized,sentence-open,medium,books/symbolic-language/02-the-parables-of-the-kingdom.adoc,29,29,Rewrite to avoid leading That.,books/symbolic-language/editorial-review/2026-07-11-phase-9-grok-full-book/patches/MEAT-9019.diff,books/symbolic-language/editorial-review/2026-07-11-phase-9-grok-full-book/previews/MEAT-9019.md,P9-C001,e94bd95de092d8a6,,2026-07-11T20:16:28+00:00,,
MEAT-9020,accepted,localized,ai-sounding-staging,medium,books/symbolic-language/02-the-parables-of-the-kingdom.adoc,39,39,Replace weigh staging verb.,books/symbolic-language/editorial-review/2026-07-11-phase-9-grok-full-book/patches/MEAT-9020.diff,books/symbolic-language/editorial-review/2026-07-11-phase-9-grok-full-book/previews/MEAT-9020.md,P9-C001,276e9781abb826d2,,2026-07-11T20:16:46+00:00,,
MEAT-9021,accepted,localized,sentence-open,medium,books/symbolic-language/02-the-parables-of-the-kingdom.adoc,41,41,Change leading That to This.,books/symbolic-language/editorial-review/2026-07-11-phase-9-grok-full-book/patches/MEAT-9021.diff,books/symbolic-language/editorial-review/2026-07-11-phase-9-grok-full-book/previews/MEAT-9021.md,P9-C001,577293dc3e948717,,2026-07-11T20:17:00+00:00,,
MEAT-9022,accepted,localized,sentence-open,medium,books/symbolic-language/02-the-parables-of-the-kingdom.adoc,70,70,Remove And and That openers.,books/symbolic-language/editorial-review/2026-07-11-phase-9-grok-full-book/patches/MEAT-9022.diff,books/symbolic-language/editorial-review/2026-07-11-phase-9-grok-full-book/previews/MEAT-9022.md,P9-C001,48ddd601fe6662c8,,2026-07-11T20:17:10+00:00,,
MEAT-9023,accepted,localized,sentence-open,medium,books/symbolic-language/02-the-parables-of-the-kingdom.adoc,119,119,Drop leading And.,books/symbolic-language/editorial-review/2026-07-11-phase-9-grok-full-book/patches/MEAT-9023.diff,books/symbolic-language/editorial-review/2026-07-11-phase-9-grok-full-book/previews/MEAT-9023.md,P9-C001,cd5f815c8ac54f20,,2026-07-11T20:17:22+00:00,,
MEAT-9024,accepted,localized,ai-sounding-staging,medium,books/symbolic-language/02-the-parables-of-the-kingdom.adoc,189,189,Replace director command with direct assertion of the derivation.,books/symbolic-language/editorial-review/2026-07-11-phase-9-grok-full-book/patches/MEAT-9024.diff,books/symbolic-language/editorial-review/2026-07-11-phase-9-grok-full-book/previews/MEAT-9024.md,P9-C001,692bd2c7d9acdc90,,2026-07-11T20:17:30+00:00,,
MEAT-9025,accepted,localized,sentence-open,high,books/symbolic-language/02-the-parables-of-the-kingdom.adoc,206,206,Remove leading And from author prose.,books/symbolic-language/editorial-review/2026-07-11-phase-9-grok-full-book/patches/MEAT-9025.diff,books/symbolic-language/editorial-review/2026-07-11-phase-9-grok-full-book/previews/MEAT-9025.md,P9-C001,d5702efa1d62890f,,2026-07-11T20:17:32+00:00,,
MEAT-9026,accepted,localized,sentence-open,high,books/symbolic-language/02-the-parables-of-the-kingdom.adoc,222,222,Remove leading But and the carry-with-you cue.,books/symbolic-language/editorial-review/2026-07-11-phase-9-grok-full-book/patches/MEAT-9026.diff,books/symbolic-language/editorial-review/2026-07-11-phase-9-grok-full-book/previews/MEAT-9026.md,P9-C001,461e36c0454af9cf,,2026-07-11T20:17:44+00:00,,
MEAT-9027,accepted,localized,sentence-open,high,books/symbolic-language/02-the-parables-of-the-kingdom.adoc,253,253,Remove leading And from author prose.,books/symbolic-language/editorial-review/2026-07-11-phase-9-grok-full-book/patches/MEAT-9027.diff,books/symbolic-language/editorial-review/2026-07-11-phase-9-grok-full-book/previews/MEAT-9027.md,P9-C001,bd43e7bf63786d45,,2026-07-11T20:17:46+00:00,,
MEAT-9028,accepted,localized,sentence-open,high,books/symbolic-language/02-the-parables-of-the-kingdom.adoc,261,261,Remove leading And from author prose.,books/symbolic-language/editorial-review/2026-07-11-phase-9-grok-full-book/patches/MEAT-9028.diff,books/symbolic-language/editorial-review/2026-07-11-phase-9-grok-full-book/previews/MEAT-9028.md,P9-C001,07ba6f2e3e84af02,,2026-07-11T20:17:55+00:00,,
MEAT-9029,accepted,localized,sentence-open,high,books/symbolic-language/02-the-parables-of-the-kingdom.adoc,285,285,Remove leading And from author prose.,books/symbolic-language/editorial-review/2026-07-11-phase-9-grok-full-book/patches/MEAT-9029.diff,books/symbolic-language/editorial-review/2026-07-11-phase-9-grok-full-book/previews/MEAT-9029.md,P9-C001,087821bca0784d4b,,2026-07-11T20:18:03+00:00,,
MEAT-9030,accepted,localized,sentence-open,high,books/symbolic-language/02-the-parables-of-the-kingdom.adoc,307,307,Remove leading And from author prose.,books/symbolic-language/editorial-review/2026-07-11-phase-9-grok-full-book/patches/MEAT-9030.diff,books/symbolic-language/editorial-review/2026-07-11-phase-9-grok-full-book/previews/MEAT-9030.md,P9-C001,65afd4409bc338df,,2026-07-11T20:18:22+00:00,,
MEAT-9031,accepted,localized,ai-sounding-staging,medium,books/symbolic-language/02-the-parables-of-the-kingdom.adoc,310,310,Replace banned AI term landscapes.,books/symbolic-language/editorial-review/2026-07-11-phase-9-grok-full-book/patches/MEAT-9031.diff,books/symbolic-language/editorial-review/2026-07-11-phase-9-grok-full-book/previews/MEAT-9031.md,P9-C001,9698267aa95d6d05,,2026-07-11T20:18:26+00:00,,
MEAT-9032,accepted,localized,sentence-open,high,books/symbolic-language/02-the-parables-of-the-kingdom.adoc,337,337,Remove And-start and director 'mark' cue.,books/symbolic-language/editorial-review/2026-07-11-phase-9-grok-full-book/patches/MEAT-9032.diff,books/symbolic-language/editorial-review/2026-07-11-phase-9-grok-full-book/previews/MEAT-9032.md,P9-C001,b94962b945f74b7a,,2026-07-11T20:18:56+00:00,,
MEAT-9033,accepted,localized,ai-sounding-staging,medium,books/symbolic-language/02-the-parables-of-the-kingdom.adoc,340,340,Replace director 'mark plainly' with neutral verb.,books/symbolic-language/editorial-review/2026-07-11-phase-9-grok-full-book/patches/MEAT-9033.diff,books/symbolic-language/editorial-review/2026-07-11-phase-9-grok-full-book/previews/MEAT-9033.md,P9-C001,80323b6616e6fbf0,,2026-07-11T20:19:03+00:00,,
MEAT-9034,accepted,localized,sentence-open,high,books/symbolic-language/02-the-parables-of-the-kingdom.adoc,341,341,Remove That-start from author prose.,books/symbolic-language/editorial-review/2026-07-11-phase-9-grok-full-book/patches/MEAT-9034.diff,books/symbolic-language/editorial-review/2026-07-11-phase-9-grok-full-book/previews/MEAT-9034.md,P9-C001,23982a04086fb25a,,2026-07-11T20:19:10+00:00,,
MEAT-9035,accepted,localized,sentence-open,high,books/symbolic-language/02-the-parables-of-the-kingdom.adoc,350,350,Remove That-start while keeping the target description.,books/symbolic-language/editorial-review/2026-07-11-phase-9-grok-full-book/patches/MEAT-9035.diff,books/symbolic-language/editorial-review/2026-07-11-phase-9-grok-full-book/previews/MEAT-9035.md,P9-C001,6318e6f3d075dc73,,2026-07-11T20:19:18+00:00,,
MEAT-9036,accepted,localized,readability,medium,books/symbolic-language/02-the-parables-of-the-kingdom.adoc,353,353,Convert count numbers to digits per house style.,books/symbolic-language/editorial-review/2026-07-11-phase-9-grok-full-book/patches/MEAT-9036.diff,books/symbolic-language/editorial-review/2026-07-11-phase-9-grok-full-book/previews/MEAT-9036.md,P9-C001,fa7ecda451c5862d,,2026-07-11T20:19:39+00:00,,
MEAT-9037,accepted,localized,ai-sounding-staging,high,books/symbolic-language/02-the-parables-of-the-kingdom.adoc,359,359,Remove presenter staging and fix awkward 'watched graded'.,books/symbolic-language/editorial-review/2026-07-11-phase-9-grok-full-book/patches/MEAT-9037.diff,books/symbolic-language/editorial-review/2026-07-11-phase-9-grok-full-book/previews/MEAT-9037.md,P9-C001,c3a91d6d514e1840,,2026-07-11T20:20:18+00:00,,
MEAT-9038,accepted,localized,sentence-open,high,books/symbolic-language/03-signs-and-similitudes.adoc,182,182,Drop leading And from author prose.,books/symbolic-language/editorial-review/2026-07-11-phase-9-grok-full-book/patches/MEAT-9038.diff,books/symbolic-language/editorial-review/2026-07-11-phase-9-grok-full-book/previews/MEAT-9038.md,P9-C001,421fa69b0450fb97,,2026-07-11T20:20:23+00:00,,
MEAT-9039,accepted,localized,sentence-open,high,books/symbolic-language/03-signs-and-similitudes.adoc,193,193,Replace leading That with This.,books/symbolic-language/editorial-review/2026-07-11-phase-9-grok-full-book/patches/MEAT-9039.diff,books/symbolic-language/editorial-review/2026-07-11-phase-9-grok-full-book/previews/MEAT-9039.md,P9-C001,c98045cbb3e2da38,,2026-07-11T20:20:27+00:00,,
MEAT-9040,accepted,localized,sentence-open,high,books/symbolic-language/03-signs-and-similitudes.adoc,197,197,Drop leading And from author prose.,books/symbolic-language/editorial-review/2026-07-11-phase-9-grok-full-book/patches/MEAT-9040.diff,books/symbolic-language/editorial-review/2026-07-11-phase-9-grok-full-book/previews/MEAT-9040.md,P9-C001,414f394a29242fb6,,2026-07-11T20:20:32+00:00,,
MEAT-9041,pending,localized,grammar,high,books/symbolic-language/03-signs-and-similitudes.adoc,213,213,Insert missing relative that.,books/symbolic-language/editorial-review/2026-07-11-phase-9-grok-full-book/patches/MEAT-9041.diff,books/symbolic-language/editorial-review/2026-07-11-phase-9-grok-full-book/previews/MEAT-9041.md,P9-C001,a8df649032c5ec99,"seems like a fix is needed but patch looks corrupted, nees AI review",2026-07-11T20:21:03+00:00,,
MEAT-9042,accepted,localized,ai-sounding-staging,low,books/symbolic-language/03-signs-and-similitudes.adoc,177,177,Drop leading Now from staging line.,books/symbolic-language/editorial-review/2026-07-11-phase-9-grok-full-book/patches/MEAT-9042.diff,books/symbolic-language/editorial-review/2026-07-11-phase-9-grok-full-book/previews/MEAT-9042.md,P9-C001,3708893d1a6bbd4d,,2026-07-11T20:21:35+00:00,,
MEAT-9043,accepted,localized,sentence-open,high,books/symbolic-language/04-sign-of-jonah.adoc,37,37,Remove banned But open and staging cue listen.,books/symbolic-language/editorial-review/2026-07-11-phase-9-grok-full-book/patches/MEAT-9043.diff,books/symbolic-language/editorial-review/2026-07-11-phase-9-grok-full-book/previews/MEAT-9043.md,P9-C001,ebda820ddfcaad88,,2026-07-11T20:21:43+00:00,,
MEAT-9044,accepted,localized,sentence-open,high,books/symbolic-language/04-sign-of-jonah.adoc,73,73,Remove banned But sentence open.,books/symbolic-language/editorial-review/2026-07-11-phase-9-grok-full-book/patches/MEAT-9044.diff,books/symbolic-language/editorial-review/2026-07-11-phase-9-grok-full-book/previews/MEAT-9044.md,P9-C001,67e6f219e30f3c04,,2026-07-11T20:21:45+00:00,,
MEAT-9045,accepted,localized,sentence-open,high,books/symbolic-language/04-sign-of-jonah.adoc,82,82,Remove banned And sentence open.,books/symbolic-language/editorial-review/2026-07-11-phase-9-grok-full-book/patches/MEAT-9045.diff,books/symbolic-language/editorial-review/2026-07-11-phase-9-grok-full-book/previews/MEAT-9045.md,P9-C001,33fed579af92f631,,2026-07-11T20:21:56+00:00,,
MEAT-9046,accepted,localized,sentence-open,high,books/symbolic-language/04-sign-of-jonah.adoc,95,95,Remove banned And sentence open.,books/symbolic-language/editorial-review/2026-07-11-phase-9-grok-full-book/patches/MEAT-9046.diff,books/symbolic-language/editorial-review/2026-07-11-phase-9-grok-full-book/previews/MEAT-9046.md,P9-C001,e0a3ac7d2b5992ed,,2026-07-11T20:21:59+00:00,,
MEAT-9047,accepted,localized,sentence-open,high,books/symbolic-language/04-sign-of-jonah.adoc,123,123,Remove banned And sentence open.,books/symbolic-language/editorial-review/2026-07-11-phase-9-grok-full-book/patches/MEAT-9047.diff,books/symbolic-language/editorial-review/2026-07-11-phase-9-grok-full-book/previews/MEAT-9047.md,P9-C001,97245328baba6952,,2026-07-11T20:22:00+00:00,,
MEAT-9048,accepted,localized,sentence-open,high,books/symbolic-language/04-sign-of-jonah.adoc,139,139,Remove And open and director cue mark.,books/symbolic-language/editorial-review/2026-07-11-phase-9-grok-full-book/patches/MEAT-9048.diff,books/symbolic-language/editorial-review/2026-07-11-phase-9-grok-full-book/previews/MEAT-9048.md,P9-C001,e3fad64b2c342207,,2026-07-11T20:22:07+00:00,,
MEAT-9049,rejected,localized,ai-sounding-staging,medium,books/symbolic-language/04-sign-of-jonah.adoc,151,151,Remove director cue Notice.,books/symbolic-language/editorial-review/2026-07-11-phase-9-grok-full-book/patches/MEAT-9049.diff,books/symbolic-language/editorial-review/2026-07-11-phase-9-grok-full-book/previews/MEAT-9049.md,P9-C001,dc6530b44ce587fa,,2026-07-11T20:22:20+00:00,,
MEAT-9050,accepted,localized,clarity,high,books/symbolic-language/04-sign-of-jonah.adoc,180,180,Repair subject collapse after the final em-dash.,books/symbolic-language/editorial-review/2026-07-11-phase-9-grok-full-book/patches/MEAT-9050.diff,books/symbolic-language/editorial-review/2026-07-11-phase-9-grok-full-book/previews/MEAT-9050.md,P9-C001,8990f1d524064b72,,2026-07-11T20:22:26+00:00,,
MEAT-9051,accepted,localized,sentence-open,high,books/symbolic-language/04-sign-of-jonah.adoc,200,200,Remove banned author-prose sentence open with And.,books/symbolic-language/editorial-review/2026-07-11-phase-9-grok-full-book/patches/MEAT-9051.diff,books/symbolic-language/editorial-review/2026-07-11-phase-9-grok-full-book/previews/MEAT-9051.md,P9-C001,162f9259d9e7110d,,2026-07-11T20:22:37+00:00,,
MEAT-9052,accepted,localized,tone-register,medium,books/symbolic-language/04-sign-of-jonah.adoc,202,202,Replace informal “reward the dig” register slip.,books/symbolic-language/editorial-review/2026-07-11-phase-9-grok-full-book/patches/MEAT-9052.diff,books/symbolic-language/editorial-review/2026-07-11-phase-9-grok-full-book/previews/MEAT-9052.md,P9-C001,c20081560a82a4f1,,2026-07-11T20:22:44+00:00,,
MEAT-9053,accepted,localized,ai-sounding-staging,high,books/symbolic-language/04-sign-of-jonah.adoc,217,217,Strip director cue “Now set.”,books/symbolic-language/editorial-review/2026-07-11-phase-9-grok-full-book/patches/MEAT-9053.diff,books/symbolic-language/editorial-review/2026-07-11-phase-9-grok-full-book/previews/MEAT-9053.md,P9-C001,f95308b6b8404bc9,,2026-07-11T20:22:50+00:00,,
MEAT-9054,accepted,localized,ai-sounding-staging,high,books/symbolic-language/04-sign-of-jonah.adoc,225,225,Remove “Now comes” staging and soft modern “script.”,books/symbolic-language/editorial-review/2026-07-11-phase-9-grok-full-book/patches/MEAT-9054.diff,books/symbolic-language/editorial-review/2026-07-11-phase-9-grok-full-book/previews/MEAT-9054.md,P9-C001,b5867cbfb6431c62,,2026-07-11T20:23:03+00:00,,
MEAT-9055,accepted,localized,ai-sounding-staging,high,books/symbolic-language/04-sign-of-jonah.adoc,243,243,Replace “Listen to” director cue with a direct claim.,books/symbolic-language/editorial-review/2026-07-11-phase-9-grok-full-book/patches/MEAT-9055.diff,books/symbolic-language/editorial-review/2026-07-11-phase-9-grok-full-book/previews/MEAT-9055.md,P9-C001,bcf7b15039af2ad9,,2026-07-11T20:23:12+00:00,,
MEAT-9056,accepted,localized,ai-sounding-staging,medium,books/symbolic-language/04-sign-of-jonah.adoc,249,249,Delete “mark here only that” director cue inside the parenthesis.,books/symbolic-language/editorial-review/2026-07-11-phase-9-grok-full-book/patches/MEAT-9056.diff,books/symbolic-language/editorial-review/2026-07-11-phase-9-grok-full-book/previews/MEAT-9056.md,P9-C001,833f3ea0e21a055b,,2026-07-11T20:23:49+00:00,,
MEAT-9057,rejected,localized,ai-sounding-staging,high,books/symbolic-language/04-sign-of-jonah.adoc,251,251,Strip “See what” director cue.,books/symbolic-language/editorial-review/2026-07-11-phase-9-grok-full-book/patches/MEAT-9057.diff,books/symbolic-language/editorial-review/2026-07-11-phase-9-grok-full-book/previews/MEAT-9057.md,P9-C001,ea5fd6e573124676,,2026-07-11T20:24:10+00:00,,
MEAT-9058,accepted,localized,sentence-open,high,books/symbolic-language/04-sign-of-jonah.adoc,298,299,Fix But-open and second-person “You have just watched” staging in one contiguous block.,books/symbolic-language/editorial-review/2026-07-11-phase-9-grok-full-book/patches/MEAT-9058.diff,books/symbolic-language/editorial-review/2026-07-11-phase-9-grok-full-book/previews/MEAT-9058.md,P9-C001,bb2d8eb3b4087cb3,,2026-07-11T20:24:39+00:00,,
MEAT-9059,rejected,localized,ai-sounding-staging,high,books/symbolic-language/05-gospel.adoc,28,28,Strip director cue and hedging.,books/symbolic-language/editorial-review/2026-07-11-phase-9-grok-full-book/patches/MEAT-9059.diff,books/symbolic-language/editorial-review/2026-07-11-phase-9-grok-full-book/previews/MEAT-9059.md,P9-C001,6273b582e8c6591d,,2026-07-11T20:25:00+00:00,,
MEAT-9060,rejected,localized,ai-sounding-staging,high,books/symbolic-language/05-gospel.adoc,63,63,Remove Hear-what director cue.,books/symbolic-language/editorial-review/2026-07-11-phase-9-grok-full-book/patches/MEAT-9060.diff,books/symbolic-language/editorial-review/2026-07-11-phase-9-grok-full-book/previews/MEAT-9060.md,P9-C001,44bcb4c0799a0eda,,2026-07-11T20:25:10+00:00,,
MEAT-9061,accepted,localized,ai-sounding-staging,high,books/symbolic-language/05-gospel.adoc,78,78,Remove Look-once-more staging.,books/symbolic-language/editorial-review/2026-07-11-phase-9-grok-full-book/patches/MEAT-9061.diff,books/symbolic-language/editorial-review/2026-07-11-phase-9-grok-full-book/previews/MEAT-9061.md,P9-C001,b276d9c0ad3ac4c1,,2026-07-11T20:25:20+00:00,,
MEAT-9062,accepted,localized,ai-sounding-staging,high,books/symbolic-language/05-gospel.adoc,81,81,Remove Mark-where director cue.,books/symbolic-language/editorial-review/2026-07-11-phase-9-grok-full-book/patches/MEAT-9062.diff,books/symbolic-language/editorial-review/2026-07-11-phase-9-grok-full-book/previews/MEAT-9062.md,P9-C001,9031f7a138455018,,2026-07-11T20:25:27+00:00,,
MEAT-9063,accepted,localized,ai-sounding-staging,high,books/symbolic-language/05-gospel.adoc,92,92,Remove listen-to cue.,books/symbolic-language/editorial-review/2026-07-11-phase-9-grok-full-book/patches/MEAT-9063.diff,books/symbolic-language/editorial-review/2026-07-11-phase-9-grok-full-book/previews/MEAT-9063.md,P9-C001,0ad6ab2c5df1e8c2,,2026-07-11T20:25:40+00:00,,
MEAT-9064,accepted,localized,ai-sounding-staging,high,books/symbolic-language/05-gospel.adoc,103,103,Remove Now-the-hinge presenter framing.,books/symbolic-language/editorial-review/2026-07-11-phase-9-grok-full-book/patches/MEAT-9064.diff,books/symbolic-language/editorial-review/2026-07-11-phase-9-grok-full-book/previews/MEAT-9064.md,P9-C001,9f74312d5d9d5ec1,,2026-07-11T20:26:08+00:00,,
MEAT-9065,accepted,localized,ai-sounding-staging,high,books/symbolic-language/05-gospel.adoc,154,154,Remove And-read staging and And sentence open.,books/symbolic-language/editorial-review/2026-07-11-phase-9-grok-full-book/patches/MEAT-9065.diff,books/symbolic-language/editorial-review/2026-07-11-phase-9-grok-full-book/previews/MEAT-9065.md,P9-C001,8094fa81b39ab9d5,,2026-07-11T20:26:11+00:00,,
MEAT-9066,pending,localized,sentence-open,medium,books/symbolic-language/05-gospel.adoc,214,214,Fix author prose starting with But.,books/symbolic-language/editorial-review/2026-07-11-phase-9-grok-full-book/patches/MEAT-9066.diff,books/symbolic-language/editorial-review/2026-07-11-phase-9-grok-full-book/previews/MEAT-9066.md,P9-C001,22676a67fbf29572,,,,
MEAT-9067,pending,localized,ai-sounding-staging,high,books/symbolic-language/05-gospel.adoc,216,216,Remove the director cue Mark how.,books/symbolic-language/editorial-review/2026-07-11-phase-9-grok-full-book/patches/MEAT-9067.diff,books/symbolic-language/editorial-review/2026-07-11-phase-9-grok-full-book/previews/MEAT-9067.md,P9-C001,ba7c427688bba441,,,,
MEAT-9068,pending,localized,sentence-open,high,books/symbolic-language/05-gospel.adoc,225,225,Stop the author sentence from opening with That.,books/symbolic-language/editorial-review/2026-07-11-phase-9-grok-full-book/patches/MEAT-9068.diff,books/symbolic-language/editorial-review/2026-07-11-phase-9-grok-full-book/previews/MEAT-9068.md,P9-C001,1e9a53510e5da179,,,,
MEAT-9069,pending,localized,sentence-open,high,books/symbolic-language/05-gospel.adoc,239,239,Drop the opening But.,books/symbolic-language/editorial-review/2026-07-11-phase-9-grok-full-book/patches/MEAT-9069.diff,books/symbolic-language/editorial-review/2026-07-11-phase-9-grok-full-book/previews/MEAT-9069.md,P9-C001,6b914b948e5b5a38,,,,
MEAT-9070,pending,localized,sentence-open,high,books/symbolic-language/05-gospel.adoc,252,252,Drop the opening And.,books/symbolic-language/editorial-review/2026-07-11-phase-9-grok-full-book/patches/MEAT-9070.diff,books/symbolic-language/editorial-review/2026-07-11-phase-9-grok-full-book/previews/MEAT-9070.md,P9-C001,de24a0123244a200,,,,
MEAT-9071,pending,localized,sentence-open,high,books/symbolic-language/05-gospel.adoc,263,263,Drop the opening And on the third kingdom clause.,books/symbolic-language/editorial-review/2026-07-11-phase-9-grok-full-book/patches/MEAT-9071.diff,books/symbolic-language/editorial-review/2026-07-11-phase-9-grok-full-book/previews/MEAT-9071.md,P9-C001,100c486963dfd54c,,,,
MEAT-9072,pending,localized,sentence-open,high,books/symbolic-language/05-gospel.adoc,269,269,Drop the opening And.,books/symbolic-language/editorial-review/2026-07-11-phase-9-grok-full-book/patches/MEAT-9072.diff,books/symbolic-language/editorial-review/2026-07-11-phase-9-grok-full-book/previews/MEAT-9072.md,P9-C001,a4a94bd4281eb769,,,,
MEAT-9073,pending,localized,ai-sounding-staging,high,books/symbolic-language/05-gospel.adoc,278,278,Strip Now and the grade-it command.,books/symbolic-language/editorial-review/2026-07-11-phase-9-grok-full-book/patches/MEAT-9073.diff,books/symbolic-language/editorial-review/2026-07-11-phase-9-grok-full-book/previews/MEAT-9073.md,P9-C001,56596176a61ff436,,,,
MEAT-9074,pending,localized,sentence-open,high,books/symbolic-language/05-gospel.adoc,280,280,Drop the opening But.,books/symbolic-language/editorial-review/2026-07-11-phase-9-grok-full-book/patches/MEAT-9074.diff,books/symbolic-language/editorial-review/2026-07-11-phase-9-grok-full-book/previews/MEAT-9074.md,P9-C001,99279103b195997d,,,,
MEAT-9075,pending,localized,sentence-open,high,books/symbolic-language/06-knowing-faith-love-and-belief.adoc,45,45,Remove banned And-opening in author prose.,books/symbolic-language/editorial-review/2026-07-11-phase-9-grok-full-book/patches/MEAT-9075.diff,books/symbolic-language/editorial-review/2026-07-11-phase-9-grok-full-book/previews/MEAT-9075.md,P9-C001,fd07626034795013,,,,
MEAT-9076,pending,localized,ai-sounding-staging,medium,books/symbolic-language/06-knowing-faith-love-and-belief.adoc,84,84,Replace reader-directive “Read it so” with assertive phrasing.,books/symbolic-language/editorial-review/2026-07-11-phase-9-grok-full-book/patches/MEAT-9076.diff,books/symbolic-language/editorial-review/2026-07-11-phase-9-grok-full-book/previews/MEAT-9076.md,P9-C001,6eac279f5dd038ea,,,,
MEAT-9077,pending,localized,ai-sounding-staging,high,books/symbolic-language/06-knowing-faith-love-and-belief.adoc,110,110,Remove banned “Mark where” director cue.,books/symbolic-language/editorial-review/2026-07-11-phase-9-grok-full-book/patches/MEAT-9077.diff,books/symbolic-language/editorial-review/2026-07-11-phase-9-grok-full-book/previews/MEAT-9077.md,P9-C001,1e7a2d34727167b8,,,,
MEAT-9078,pending,localized,factual,medium,books/symbolic-language/06-knowing-faith-love-and-belief.adoc,109,109,Expand inconsistent book abbreviation to full name.,books/symbolic-language/editorial-review/2026-07-11-phase-9-grok-full-book/patches/MEAT-9078.diff,books/symbolic-language/editorial-review/2026-07-11-phase-9-grok-full-book/previews/MEAT-9078.md,P9-C001,88f6cb4b768b9d54,,,,
MEAT-9079,pending,localized,sentence-open,high,books/symbolic-language/06-knowing-faith-love-and-belief.adoc,145,145,Remove banned But-opening in author prose.,books/symbolic-language/editorial-review/2026-07-11-phase-9-grok-full-book/patches/MEAT-9079.diff,books/symbolic-language/editorial-review/2026-07-11-phase-9-grok-full-book/previews/MEAT-9079.md,P9-C001,12b681c0ccb61335,,,,
MEAT-9080,pending,localized,ai-sounding-staging,medium,books/symbolic-language/06-knowing-faith-love-and-belief.adoc,154,154,Remove imperative “Read” staging.,books/symbolic-language/editorial-review/2026-07-11-phase-9-grok-full-book/patches/MEAT-9080.diff,books/symbolic-language/editorial-review/2026-07-11-phase-9-grok-full-book/previews/MEAT-9080.md,P9-C001,8185374285a82be2,,,,
MEAT-9081,pending,localized,sentence-open,high,books/symbolic-language/06-knowing-faith-love-and-belief.adoc,181,181,Remove banned And sentence open in author prose.,books/symbolic-language/editorial-review/2026-07-11-phase-9-grok-full-book/patches/MEAT-9081.diff,books/symbolic-language/editorial-review/2026-07-11-phase-9-grok-full-book/previews/MEAT-9081.md,P9-C001,191decff3d05d6be,,,,
MEAT-9082,pending,localized,ai-sounding-staging,high,books/symbolic-language/06-knowing-faith-love-and-belief.adoc,229,229,Replace director cue with assertive lead-in.,books/symbolic-language/editorial-review/2026-07-11-phase-9-grok-full-book/patches/MEAT-9082.diff,books/symbolic-language/editorial-review/2026-07-11-phase-9-grok-full-book/previews/MEAT-9082.md,P9-C001,26a217c70945e30e,,,,
MEAT-9083,pending,localized,sentence-open,high,books/symbolic-language/06-knowing-faith-love-and-belief.adoc,240,240,Remove banned And sentence open in author prose.,books/symbolic-language/editorial-review/2026-07-11-phase-9-grok-full-book/patches/MEAT-9083.diff,books/symbolic-language/editorial-review/2026-07-11-phase-9-grok-full-book/previews/MEAT-9083.md,P9-C001,27e22468fa714c56,,,,
MEAT-9084,pending,localized,clarity,medium,books/symbolic-language/06-knowing-faith-love-and-belief.adoc,223,223,Insert missing relative that for smoother clause.,books/symbolic-language/editorial-review/2026-07-11-phase-9-grok-full-book/patches/MEAT-9084.diff,books/symbolic-language/editorial-review/2026-07-11-phase-9-grok-full-book/previews/MEAT-9084.md,P9-C001,754ce99452e7b6de,,,,
MEAT-9085,pending,localized,ai-sounding-staging,high,books/symbolic-language/06-knowing-faith-love-and-belief.adoc,252,252,Replace imperative staging with direct assertion.,books/symbolic-language/editorial-review/2026-07-11-phase-9-grok-full-book/patches/MEAT-9085.diff,books/symbolic-language/editorial-review/2026-07-11-phase-9-grok-full-book/previews/MEAT-9085.md,P9-C001,0d64fffc3400e60b,,,,
MEAT-9086,pending,localized,ai-sounding-staging,medium,books/symbolic-language/06-knowing-faith-love-and-belief.adoc,260,260,Drop “Then remember” presenter cue.,books/symbolic-language/editorial-review/2026-07-11-phase-9-grok-full-book/patches/MEAT-9086.diff,books/symbolic-language/editorial-review/2026-07-11-phase-9-grok-full-book/previews/MEAT-9086.md,P9-C001,46f05e92bce3e676,,,,
MEAT-9087,pending,localized,sentence-open,high,books/symbolic-language/07-the-way-the-truth-and-the-life.adoc,20,20,Remove banned sentence-open But and clean the appositive dash.,books/symbolic-language/editorial-review/2026-07-11-phase-9-grok-full-book/patches/MEAT-9087.diff,books/symbolic-language/editorial-review/2026-07-11-phase-9-grok-full-book/previews/MEAT-9087.md,P9-C001,3685ba216b1187af,,,,
MEAT-9088,pending,localized,ai-sounding-staging,high,books/symbolic-language/07-the-way-the-truth-and-the-life.adoc,22,22,Cut presenter cue Note too and assert the claim directly.,books/symbolic-language/editorial-review/2026-07-11-phase-9-grok-full-book/patches/MEAT-9088.diff,books/symbolic-language/editorial-review/2026-07-11-phase-9-grok-full-book/previews/MEAT-9088.md,P9-C001,e8e0787114bf62ba,,,,
MEAT-9089,pending,localized,ai-sounding-staging,medium,books/symbolic-language/07-the-way-the-truth-and-the-life.adoc,24,24,Replace instructional Take the three with a plain assertion.,books/symbolic-language/editorial-review/2026-07-11-phase-9-grok-full-book/patches/MEAT-9089.diff,books/symbolic-language/editorial-review/2026-07-11-phase-9-grok-full-book/previews/MEAT-9089.md,P9-C001,6ae8e3321ae410a8,,,,
MEAT-9090,pending,localized,tone-register,low,books/symbolic-language/07-the-way-the-truth-and-the-life.adoc,29,29,Align the first section opener with Next and Third.,books/symbolic-language/editorial-review/2026-07-11-phase-9-grok-full-book/patches/MEAT-9090.diff,books/symbolic-language/editorial-review/2026-07-11-phase-9-grok-full-book/previews/MEAT-9090.md,P9-C001,59516077979b5375,,,,
MEAT-9091,pending,localized,sentence-open,high,books/symbolic-language/07-the-way-the-truth-and-the-life.adoc,66,66,Remove banned sentence-open But.,books/symbolic-language/editorial-review/2026-07-11-phase-9-grok-full-book/patches/MEAT-9091.diff,books/symbolic-language/editorial-review/2026-07-11-phase-9-grok-full-book/previews/MEAT-9091.md,P9-C001,bdacd66648911f1f,,,,
MEAT-9092,pending,localized,ai-sounding-staging,high,books/symbolic-language/07-the-way-the-truth-and-the-life.adoc,161,161,Replace Now see staging with a direct claim.,books/symbolic-language/editorial-review/2026-07-11-phase-9-grok-full-book/patches/MEAT-9092.diff,books/symbolic-language/editorial-review/2026-07-11-phase-9-grok-full-book/previews/MEAT-9092.md,P9-C001,a60c9bd022e7c4eb,,,,
MEAT-9093,pending,localized,sentence-open,high,books/symbolic-language/07-the-way-the-truth-and-the-life.adoc,163,163,Remove banned sentence-open And.,books/symbolic-language/editorial-review/2026-07-11-phase-9-grok-full-book/patches/MEAT-9093.diff,books/symbolic-language/editorial-review/2026-07-11-phase-9-grok-full-book/previews/MEAT-9093.md,P9-C001,17f7f5d486964c57,,,,
MEAT-9094,pending,localized,ai-sounding-staging,high,books/symbolic-language/07-the-way-the-truth-and-the-life.adoc,202,202,Drop Now staging and name the return point cleanly.,books/symbolic-language/editorial-review/2026-07-11-phase-9-grok-full-book/patches/MEAT-9094.diff,books/symbolic-language/editorial-review/2026-07-11-phase-9-grok-full-book/previews/MEAT-9094.md,P9-C001,192930d4b0e8b646,,,,
MEAT-9095,pending,localized,ai-sounding-staging,high,books/symbolic-language/07-the-way-the-truth-and-the-life.adoc,231,231,Remove residual director cue that instructs the reader how to read.,books/symbolic-language/editorial-review/2026-07-11-phase-9-grok-full-book/patches/MEAT-9095.diff,books/symbolic-language/editorial-review/2026-07-11-phase-9-grok-full-book/previews/MEAT-9095.md,P9-C001,5781debb52c74224,,,,
MEAT-9096,pending,localized,grammar,medium,books/symbolic-language/07-the-way-the-truth-and-the-life.adoc,230,230,Complete the incomplete idiom 'made to sound.',books/symbolic-language/editorial-review/2026-07-11-phase-9-grok-full-book/patches/MEAT-9096.diff,books/symbolic-language/editorial-review/2026-07-11-phase-9-grok-full-book/previews/MEAT-9096.md,P9-C001,57aa89dca0e571bc,,,,
MEAT-9097,pending,localized,clarity,medium,books/symbolic-language/07-the-way-the-truth-and-the-life.adoc,228,228,Restore natural English order for the appositive claim.,books/symbolic-language/editorial-review/2026-07-11-phase-9-grok-full-book/patches/MEAT-9097.diff,books/symbolic-language/editorial-review/2026-07-11-phase-9-grok-full-book/previews/MEAT-9097.md,P9-C001,b380481b1c34f671,,,,
MEAT-9098,pending,localized,sentence-open,high,books/symbolic-language/08-the-name.adoc,18,18,Remove forbidden But sentence open in author prose.,books/symbolic-language/editorial-review/2026-07-11-phase-9-grok-full-book/patches/MEAT-9098.diff,books/symbolic-language/editorial-review/2026-07-11-phase-9-grok-full-book/previews/MEAT-9098.md,P9-C001,e6abcdd9b83c81bf,,,,
MEAT-9099,pending,localized,sentence-open,medium,books/symbolic-language/08-the-name.adoc,106,106,Drop And so the parallel list stays legal under house style.,books/symbolic-language/editorial-review/2026-07-11-phase-9-grok-full-book/patches/MEAT-9099.diff,books/symbolic-language/editorial-review/2026-07-11-phase-9-grok-full-book/previews/MEAT-9099.md,P9-C001,01cf702b4c46c95b,,,,
MEAT-9100,pending,localized,sentence-open,medium,books/symbolic-language/08-the-name.adoc,120,120,Remove And at the start of author prose.,books/symbolic-language/editorial-review/2026-07-11-phase-9-grok-full-book/patches/MEAT-9100.diff,books/symbolic-language/editorial-review/2026-07-11-phase-9-grok-full-book/previews/MEAT-9100.md,P9-C001,8d5a3ecccf3b13d4,,,,
MEAT-9101,pending,localized,sentence-open,medium,books/symbolic-language/08-the-name.adoc,170,170,Remove And sentence open before God’s remedy.,books/symbolic-language/editorial-review/2026-07-11-phase-9-grok-full-book/patches/MEAT-9101.diff,books/symbolic-language/editorial-review/2026-07-11-phase-9-grok-full-book/previews/MEAT-9101.md,P9-C001,888b40d7dfdcc05a,,,,
MEAT-9102,pending,localized,ai-sounding-staging,medium,books/symbolic-language/08-the-name.adoc,179,179,Replace Hear staging with a direct assertion.,books/symbolic-language/editorial-review/2026-07-11-phase-9-grok-full-book/patches/MEAT-9102.diff,books/symbolic-language/editorial-review/2026-07-11-phase-9-grok-full-book/previews/MEAT-9102.md,P9-C001,3916b62f6acc8140,,,,
MEAT-9103,pending,localized,readability,low,books/symbolic-language/08-the-name.adoc,61,61,Replace dangling Which with a clear demonstrative.,books/symbolic-language/editorial-review/2026-07-11-phase-9-grok-full-book/patches/MEAT-9103.diff,books/symbolic-language/editorial-review/2026-07-11-phase-9-grok-full-book/previews/MEAT-9103.md,P9-C001,7c970f56d073efd9,,,,
MEAT-9104,pending,localized,ai-sounding-staging,medium,books/symbolic-language/08-the-name.adoc,184,184,Remove the walk them director imperative.,books/symbolic-language/editorial-review/2026-07-11-phase-9-grok-full-book/patches/MEAT-9104.diff,books/symbolic-language/editorial-review/2026-07-11-phase-9-grok-full-book/previews/MEAT-9104.md,P9-C001,763acc375e9063a8,,,,
MEAT-9105,pending,localized,ai-sounding-staging,high,books/symbolic-language/08-the-name.adoc,207,207,Remove director cue Watch before the Luke quotation.,books/symbolic-language/editorial-review/2026-07-11-phase-9-grok-full-book/patches/MEAT-9105.diff,books/symbolic-language/editorial-review/2026-07-11-phase-9-grok-full-book/previews/MEAT-9105.md,P9-C001,d54b6b403c124dfb,,,,
MEAT-9106,pending,localized,ai-sounding-staging,medium,books/symbolic-language/08-the-name.adoc,217,217,Replace imperative Read whole with Taken whole.,books/symbolic-language/editorial-review/2026-07-11-phase-9-grok-full-book/patches/MEAT-9106.diff,books/symbolic-language/editorial-review/2026-07-11-phase-9-grok-full-book/previews/MEAT-9106.md,P9-C001,b444d89b41f50be8,,,,
MEAT-9107,pending,localized,sentence-open,medium,books/symbolic-language/08-the-name.adoc,267,267,Drop sentence-initial And in author prose.,books/symbolic-language/editorial-review/2026-07-11-phase-9-grok-full-book/patches/MEAT-9107.diff,books/symbolic-language/editorial-review/2026-07-11-phase-9-grok-full-book/previews/MEAT-9107.md,P9-C001,e53f70cbfada4e4a,,,,
MEAT-9108,pending,localized,sentence-open,medium,books/symbolic-language/08-the-name.adoc,274,274,Drop sentence-initial And in author prose.,books/symbolic-language/editorial-review/2026-07-11-phase-9-grok-full-book/patches/MEAT-9108.diff,books/symbolic-language/editorial-review/2026-07-11-phase-9-grok-full-book/previews/MEAT-9108.md,P9-C001,75452a4776425ac3,,,,
MEAT-9109,pending,localized,sentence-open,medium,books/symbolic-language/08-the-name.adoc,311,311,Drop sentence-initial And in author prose.,books/symbolic-language/editorial-review/2026-07-11-phase-9-grok-full-book/patches/MEAT-9109.diff,books/symbolic-language/editorial-review/2026-07-11-phase-9-grok-full-book/previews/MEAT-9109.md,P9-C001,afb6d016441e256e,,,,
MEAT-9110,pending,localized,sentence-open,high,books/symbolic-language/09-the-disciple.adoc,46,46,Remove forbidden sentence-initial And and repair the relative clause.,books/symbolic-language/editorial-review/2026-07-11-phase-9-grok-full-book/patches/MEAT-9110.diff,books/symbolic-language/editorial-review/2026-07-11-phase-9-grok-full-book/previews/MEAT-9110.md,P9-C001,5f4c3de4124e088e,,,,
MEAT-9111,pending,localized,ai-sounding-staging,high,books/symbolic-language/09-the-disciple.adoc,37,37,Remove presenter cue 'the word to weigh'.,books/symbolic-language/editorial-review/2026-07-11-phase-9-grok-full-book/patches/MEAT-9111.diff,books/symbolic-language/editorial-review/2026-07-11-phase-9-grok-full-book/previews/MEAT-9111.md,P9-C001,176d9840753007e8,,,,
MEAT-9112,pending,localized,grammar,medium,books/symbolic-language/09-the-disciple.adoc,77,77,Complete the dangling clause after the semicolon.,books/symbolic-language/editorial-review/2026-07-11-phase-9-grok-full-book/patches/MEAT-9112.diff,books/symbolic-language/editorial-review/2026-07-11-phase-9-grok-full-book/previews/MEAT-9112.md,P9-C001,bcc980af4d29fc5e,,,,
MEAT-9113,pending,localized,ai-sounding-staging,high,books/symbolic-language/10-the-seal.adoc,51,51,Remove director cue and apply house digit count.,books/symbolic-language/editorial-review/2026-07-11-phase-9-grok-full-book/patches/MEAT-9113.diff,books/symbolic-language/editorial-review/2026-07-11-phase-9-grok-full-book/previews/MEAT-9113.md,P9-C001,1bb3300fa74278e0,,,,
MEAT-9114,pending,localized,sentence-open,medium,books/symbolic-language/10-the-seal.adoc,52,52,Drop leading And in author prose.,books/symbolic-language/editorial-review/2026-07-11-phase-9-grok-full-book/patches/MEAT-9114.diff,books/symbolic-language/editorial-review/2026-07-11-phase-9-grok-full-book/previews/MEAT-9114.md,P9-C001,552645e9c7b3abdb,,,,
MEAT-9115,pending,localized,ai-sounding-staging,high,books/symbolic-language/10-the-seal.adoc,111,111,Replace Note cue with direct assertion.,books/symbolic-language/editorial-review/2026-07-11-phase-9-grok-full-book/patches/MEAT-9115.diff,books/symbolic-language/editorial-review/2026-07-11-phase-9-grok-full-book/previews/MEAT-9115.md,P9-C001,ad8b231163d399c0,,,,
MEAT-9116,pending,localized,sentence-open,medium,books/symbolic-language/10-the-seal.adoc,114,114,Eliminate leading That in author prose.,books/symbolic-language/editorial-review/2026-07-11-phase-9-grok-full-book/patches/MEAT-9116.diff,books/symbolic-language/editorial-review/2026-07-11-phase-9-grok-full-book/previews/MEAT-9116.md,P9-C001,c2f2865e296390a1,,,,
MEAT-9117,pending,localized,sentence-open,medium,books/symbolic-language/10-the-seal.adoc,125,125,Drop leading And before the coin bridge.,books/symbolic-language/editorial-review/2026-07-11-phase-9-grok-full-book/patches/MEAT-9117.diff,books/symbolic-language/editorial-review/2026-07-11-phase-9-grok-full-book/previews/MEAT-9117.md,P9-C001,b18c5dc8f682d82e,,,,
MEAT-9118,pending,localized,ai-sounding-staging,medium,books/symbolic-language/11-the-coin.adoc,45,45,Remove presenter cue; assert the claim directly.,books/symbolic-language/editorial-review/2026-07-11-phase-9-grok-full-book/patches/MEAT-9118.diff,books/symbolic-language/editorial-review/2026-07-11-phase-9-grok-full-book/previews/MEAT-9118.md,P9-C001,28cf3129c804114b,,,,
MEAT-9119,pending,localized,ai-sounding-staging,medium,books/symbolic-language/11-the-coin.adoc,50,51,Drop dual “Read” director cues; keep the contrast.,books/symbolic-language/editorial-review/2026-07-11-phase-9-grok-full-book/patches/MEAT-9119.diff,books/symbolic-language/editorial-review/2026-07-11-phase-9-grok-full-book/previews/MEAT-9119.md,P9-C001,a39b08fe06d5384d,,,,
MEAT-9120,pending,localized,ai-sounding-staging,high,books/symbolic-language/11-the-coin.adoc,80,80,Remove the “notice” director cue.,books/symbolic-language/editorial-review/2026-07-11-phase-9-grok-full-book/patches/MEAT-9120.diff,books/symbolic-language/editorial-review/2026-07-11-phase-9-grok-full-book/previews/MEAT-9120.md,P9-C001,5281a6eb1fa23947,,,,
MEAT-9121,pending,localized,ai-sounding-staging,high,books/symbolic-language/11-the-coin.adoc,90,90,Replace “Mark… and carry it” staging with assertion.,books/symbolic-language/editorial-review/2026-07-11-phase-9-grok-full-book/patches/MEAT-9121.diff,books/symbolic-language/editorial-review/2026-07-11-phase-9-grok-full-book/previews/MEAT-9121.md,P9-C001,953a0ea339151e2d,,,,
MEAT-9122,pending,localized,ai-sounding-staging,medium,books/symbolic-language/11-the-coin.adoc,106,106,Remove instructional “Read the rest” opener.,books/symbolic-language/editorial-review/2026-07-11-phase-9-grok-full-book/patches/MEAT-9122.diff,books/symbolic-language/editorial-review/2026-07-11-phase-9-grok-full-book/previews/MEAT-9122.md,P9-C001,9f7db3800cd0491a,,,,
MEAT-9123,pending,localized,clarity,medium,books/symbolic-language/11-the-coin.adoc,148,148,Split the long absolute-phrase sentence at the natural seam.,books/symbolic-language/editorial-review/2026-07-11-phase-9-grok-full-book/patches/MEAT-9123.diff,books/symbolic-language/editorial-review/2026-07-11-phase-9-grok-full-book/previews/MEAT-9123.md,P9-C001,9081fef9b6633d26,,,,
MEAT-9124,pending,localized,readability,low,books/symbolic-language/11-the-coin.adoc,136,136,Smooth the telegraphic “Appointed how” opener.,books/symbolic-language/editorial-review/2026-07-11-phase-9-grok-full-book/patches/MEAT-9124.diff,books/symbolic-language/editorial-review/2026-07-11-phase-9-grok-full-book/previews/MEAT-9124.md,P9-C001,39e5f7106d6636c7,,,,
MEAT-9125,pending,localized,ai-sounding-staging,high,books/symbolic-language/11-the-coin.adoc,171,173,"Remove fragment, reader-meta, and director imperative.",books/symbolic-language/editorial-review/2026-07-11-phase-9-grok-full-book/patches/MEAT-9125.diff,books/symbolic-language/editorial-review/2026-07-11-phase-9-grok-full-book/previews/MEAT-9125.md,P9-C001,dbd175a0924d357c,,,,
MEAT-9126,pending,localized,grammar,high,books/symbolic-language/11-the-coin.adoc,231,231,Repair the broken relative clause on psēphos.,books/symbolic-language/editorial-review/2026-07-11-phase-9-grok-full-book/patches/MEAT-9126.diff,books/symbolic-language/editorial-review/2026-07-11-phase-9-grok-full-book/previews/MEAT-9126.md,P9-C001,435140ba4b8878f6,,,,
MEAT-9127,pending,localized,clarity,medium,books/symbolic-language/11-the-coin.adoc,235,235,Replace ambiguous “white one” with “white stone.”,books/symbolic-language/editorial-review/2026-07-11-phase-9-grok-full-book/patches/MEAT-9127.diff,books/symbolic-language/editorial-review/2026-07-11-phase-9-grok-full-book/previews/MEAT-9127.md,P9-C001,3fdccf9984a8de03,,,,
MEAT-9128,pending,localized,tone-register,medium,books/symbolic-language/11-the-coin.adoc,227,228,Drop reader-meta and “this chapter’s claim” framing.,books/symbolic-language/editorial-review/2026-07-11-phase-9-grok-full-book/patches/MEAT-9128.diff,books/symbolic-language/editorial-review/2026-07-11-phase-9-grok-full-book/previews/MEAT-9128.md,P9-C001,79b36994197306aa,,,,
MEAT-9129,pending,localized,grammar,medium,books/symbolic-language/11-the-coin.adoc,254,254,Supply a finite verb to the post-quote fragment.,books/symbolic-language/editorial-review/2026-07-11-phase-9-grok-full-book/patches/MEAT-9129.diff,books/symbolic-language/editorial-review/2026-07-11-phase-9-grok-full-book/previews/MEAT-9129.md,P9-C001,29c083b734c379fa,,,,
MEAT-9130,pending,localized,sentence-open,high,books/symbolic-language/12-marriage-and-divorce.adoc,82,82,Remove forbidden And-open in author prose.,books/symbolic-language/editorial-review/2026-07-11-phase-9-grok-full-book/patches/MEAT-9130.diff,books/symbolic-language/editorial-review/2026-07-11-phase-9-grok-full-book/previews/MEAT-9130.md,P9-C001,5f3070d0821b110f,,,,
MEAT-9131,pending,localized,ai-sounding-staging,high,books/symbolic-language/12-marriage-and-divorce.adoc,90,90,Replace director cue with a plain statement.,books/symbolic-language/editorial-review/2026-07-11-phase-9-grok-full-book/patches/MEAT-9131.diff,books/symbolic-language/editorial-review/2026-07-11-phase-9-grok-full-book/previews/MEAT-9131.md,P9-C001,ae4549f463294432,,,,
MEAT-9132,pending,localized,ai-sounding-staging,high,books/symbolic-language/12-marriage-and-divorce.adoc,100,100,Remove imperative “Read” staging.,books/symbolic-language/editorial-review/2026-07-11-phase-9-grok-full-book/patches/MEAT-9132.diff,books/symbolic-language/editorial-review/2026-07-11-phase-9-grok-full-book/previews/MEAT-9132.md,P9-C001,6efccf588a0661a3,,,,
MEAT-9133,pending,localized,ai-sounding-staging,high,books/symbolic-language/12-marriage-and-divorce.adoc,114,114,Replace “Watch how” director cue.,books/symbolic-language/editorial-review/2026-07-11-phase-9-grok-full-book/patches/MEAT-9133.diff,books/symbolic-language/editorial-review/2026-07-11-phase-9-grok-full-book/previews/MEAT-9133.md,P9-C001,5a615aa19ac577de,,,,
MEAT-9134,pending,localized,ai-sounding-staging,high,books/symbolic-language/12-marriage-and-divorce.adoc,122,122,Remove “Now read” staging.,books/symbolic-language/editorial-review/2026-07-11-phase-9-grok-full-book/patches/MEAT-9134.diff,books/symbolic-language/editorial-review/2026-07-11-phase-9-grok-full-book/previews/MEAT-9134.md,P9-C001,6a5f80c9427e7386,,,,
MEAT-9135,pending,localized,ai-sounding-staging,high,books/symbolic-language/12-marriage-and-divorce.adoc,161,161,Remove explicit “Mark that” cue.,books/symbolic-language/editorial-review/2026-07-11-phase-9-grok-full-book/patches/MEAT-9135.diff,books/symbolic-language/editorial-review/2026-07-11-phase-9-grok-full-book/previews/MEAT-9135.md,P9-C001,21c44233e8e89bea,,,,
MEAT-9136,pending,localized,sentence-open,high,books/symbolic-language/12-marriage-and-divorce.adoc,164,164,Remove forbidden And-open in author prose.,books/symbolic-language/editorial-review/2026-07-11-phase-9-grok-full-book/patches/MEAT-9136.diff,books/symbolic-language/editorial-review/2026-07-11-phase-9-grok-full-book/previews/MEAT-9136.md,P9-C001,13c2a1b7d50c3346,,,,
MEAT-9137,pending,localized,ai-sounding-staging,high,books/symbolic-language/12-marriage-and-divorce.adoc,174,174,Remove director cues Now open and watch.,books/symbolic-language/editorial-review/2026-07-11-phase-9-grok-full-book/patches/MEAT-9137.diff,books/symbolic-language/editorial-review/2026-07-11-phase-9-grok-full-book/previews/MEAT-9137.md,P9-C001,3eb969dc61afc21f,,,,
MEAT-9138,pending,localized,sentence-open,medium,books/symbolic-language/12-marriage-and-divorce.adoc,184,184,Remove author-prose sentence opening with But.,books/symbolic-language/editorial-review/2026-07-11-phase-9-grok-full-book/patches/MEAT-9138.diff,books/symbolic-language/editorial-review/2026-07-11-phase-9-grok-full-book/previews/MEAT-9138.md,P9-C001,2cde1c6db8d42054,,,,
MEAT-9139,pending,localized,ai-sounding-staging,high,books/symbolic-language/12-marriage-and-divorce.adoc,193,193,Remove Listen to presenter cue.,books/symbolic-language/editorial-review/2026-07-11-phase-9-grok-full-book/patches/MEAT-9139.diff,books/symbolic-language/editorial-review/2026-07-11-phase-9-grok-full-book/previews/MEAT-9139.md,P9-C001,216b366925327c07,,,,
MEAT-9140,pending,localized,sentence-open,medium,books/symbolic-language/12-marriage-and-divorce.adoc,205,205,Replace sentence-opening That with This.,books/symbolic-language/editorial-review/2026-07-11-phase-9-grok-full-book/patches/MEAT-9140.diff,books/symbolic-language/editorial-review/2026-07-11-phase-9-grok-full-book/previews/MEAT-9140.md,P9-C001,235c408df1c993a2,,,,
MEAT-9141,pending,localized,ai-sounding-staging,high,books/symbolic-language/12-marriage-and-divorce.adoc,220,220,Remove And mark that director cue and sentence-open.,books/symbolic-language/editorial-review/2026-07-11-phase-9-grok-full-book/patches/MEAT-9141.diff,books/symbolic-language/editorial-review/2026-07-11-phase-9-grok-full-book/previews/MEAT-9141.md,P9-C001,f427981b1bc121dc,,,,
MEAT-9142,pending,localized,sentence-open,medium,books/symbolic-language/12-marriage-and-divorce.adoc,231,231,Remove author-prose sentence opening with And.,books/symbolic-language/editorial-review/2026-07-11-phase-9-grok-full-book/patches/MEAT-9142.diff,books/symbolic-language/editorial-review/2026-07-11-phase-9-grok-full-book/previews/MEAT-9142.md,P9-C001,bc059071e0e90ef5,,,,
MEAT-9143,pending,localized,sentence-open,medium,books/symbolic-language/12-marriage-and-divorce.adoc,255,255,Remove author-prose sentence opening with And.,books/symbolic-language/editorial-review/2026-07-11-phase-9-grok-full-book/patches/MEAT-9143.diff,books/symbolic-language/editorial-review/2026-07-11-phase-9-grok-full-book/previews/MEAT-9143.md,P9-C001,0d7e25c10f619e74,,,,
MEAT-9144,pending,localized,ai-sounding-staging,high,books/symbolic-language/13-wings.adoc,38,38,Remove director cue “Notice how”.,books/symbolic-language/editorial-review/2026-07-11-phase-9-grok-full-book/patches/MEAT-9144.diff,books/symbolic-language/editorial-review/2026-07-11-phase-9-grok-full-book/previews/MEAT-9144.md,P9-C001,a1b09d53f5d8385a,,,,
MEAT-9145,pending,localized,sentence-open,high,books/symbolic-language/13-wings.adoc,40,40,Author prose must not open with That.,books/symbolic-language/editorial-review/2026-07-11-phase-9-grok-full-book/patches/MEAT-9145.diff,books/symbolic-language/editorial-review/2026-07-11-phase-9-grok-full-book/previews/MEAT-9145.md,P9-C001,7e557c0574a8222f,,,,
MEAT-9146,pending,localized,ai-sounding-staging,medium,books/symbolic-language/13-wings.adoc,42,42,Drop instructional staging; assert the definition.,books/symbolic-language/editorial-review/2026-07-11-phase-9-grok-full-book/patches/MEAT-9146.diff,books/symbolic-language/editorial-review/2026-07-11-phase-9-grok-full-book/previews/MEAT-9146.md,P9-C001,15f0884ecdd8249d,,,,
MEAT-9147,pending,localized,ai-sounding-staging,high,books/symbolic-language/13-wings.adoc,58,58,Remove “Read it” director cue.,books/symbolic-language/editorial-review/2026-07-11-phase-9-grok-full-book/patches/MEAT-9147.diff,books/symbolic-language/editorial-review/2026-07-11-phase-9-grok-full-book/previews/MEAT-9147.md,P9-C001,4914f06afac9f394,,,,
MEAT-9148,pending,localized,sentence-open,high,books/symbolic-language/13-wings.adoc,93,93,Author prose must not open with And.,books/symbolic-language/editorial-review/2026-07-11-phase-9-grok-full-book/patches/MEAT-9148.diff,books/symbolic-language/editorial-review/2026-07-11-phase-9-grok-full-book/previews/MEAT-9148.md,P9-C001,f32e46c313b5688e,,,,
MEAT-9149,pending,localized,sentence-open,high,books/symbolic-language/13-wings.adoc,103,103,Author prose must not open with And.,books/symbolic-language/editorial-review/2026-07-11-phase-9-grok-full-book/patches/MEAT-9149.diff,books/symbolic-language/editorial-review/2026-07-11-phase-9-grok-full-book/previews/MEAT-9149.md,P9-C001,a76bed3301bfff6a,,,,
MEAT-9150,pending,localized,ai-sounding-staging,high,books/symbolic-language/13-wings.adoc,139,139,Remove director cue “Mark where”.,books/symbolic-language/editorial-review/2026-07-11-phase-9-grok-full-book/patches/MEAT-9150.diff,books/symbolic-language/editorial-review/2026-07-11-phase-9-grok-full-book/previews/MEAT-9150.md,P9-C001,7f7f34f24b7a22ea,,,,
MEAT-9151,pending,localized,sentence-open,high,books/symbolic-language/13-wings.adoc,167,167,Author prose must not open with And.,books/symbolic-language/editorial-review/2026-07-11-phase-9-grok-full-book/patches/MEAT-9151.diff,books/symbolic-language/editorial-review/2026-07-11-phase-9-grok-full-book/previews/MEAT-9151.md,P9-C001,871bc369780eba8f,,,,
MEAT-9152,pending,localized,sentence-open,high,books/symbolic-language/13-wings.adoc,190,190,Remove banned sentence-initial That in author prose.,books/symbolic-language/editorial-review/2026-07-11-phase-9-grok-full-book/patches/MEAT-9152.diff,books/symbolic-language/editorial-review/2026-07-11-phase-9-grok-full-book/previews/MEAT-9152.md,P9-C001,eb199cf32478e333,,,,
MEAT-9153,pending,localized,sentence-open,high,books/symbolic-language/13-wings.adoc,192,192,Remove banned sentence-initial And before the Leviticus quote.,books/symbolic-language/editorial-review/2026-07-11-phase-9-grok-full-book/patches/MEAT-9153.diff,books/symbolic-language/editorial-review/2026-07-11-phase-9-grok-full-book/previews/MEAT-9153.md,P9-C001,b7f084a4acdee1ee,,,,
MEAT-9154,pending,localized,grammar,medium,books/symbolic-language/13-wings.adoc,205,205,Restore parallel verb structure with is read.,books/symbolic-language/editorial-review/2026-07-11-phase-9-grok-full-book/patches/MEAT-9154.diff,books/symbolic-language/editorial-review/2026-07-11-phase-9-grok-full-book/previews/MEAT-9154.md,P9-C001,4c5fda62c17aaaf7,,,,
MEAT-9155,pending,localized,sentence-open,high,books/symbolic-language/13-wings.adoc,207,207,Remove banned sentence-initial And and complete the list.,books/symbolic-language/editorial-review/2026-07-11-phase-9-grok-full-book/patches/MEAT-9155.diff,books/symbolic-language/editorial-review/2026-07-11-phase-9-grok-full-book/previews/MEAT-9155.md,P9-C001,382bafd8d1966558,,,,
MEAT-9156,pending,localized,sentence-open,high,books/symbolic-language/14-orphans-widows-and-the-fatherless.adoc,14,14,Remove sentence-initial But.,books/symbolic-language/editorial-review/2026-07-11-phase-9-grok-full-book/patches/MEAT-9156.diff,books/symbolic-language/editorial-review/2026-07-11-phase-9-grok-full-book/previews/MEAT-9156.md,P9-C001,eece274c81ce91c8,,,,
MEAT-9157,pending,localized,ai-sounding-staging,high,books/symbolic-language/14-orphans-widows-and-the-fatherless.adoc,21,21,Remove presenter cue Now hear.,books/symbolic-language/editorial-review/2026-07-11-phase-9-grok-full-book/patches/MEAT-9157.diff,books/symbolic-language/editorial-review/2026-07-11-phase-9-grok-full-book/previews/MEAT-9157.md,P9-C001,418f3a6c91287835,,,,
MEAT-9158,pending,localized,sentence-open,medium,books/symbolic-language/14-orphans-widows-and-the-fatherless.adoc,61,61,Remove sentence-initial And.,books/symbolic-language/editorial-review/2026-07-11-phase-9-grok-full-book/patches/MEAT-9158.diff,books/symbolic-language/editorial-review/2026-07-11-phase-9-grok-full-book/previews/MEAT-9158.md,P9-C001,20e5d0e39c339062,,,,
MEAT-9159,pending,localized,sentence-open,medium,books/symbolic-language/14-orphans-widows-and-the-fatherless.adoc,75,75,Remove sentence-initial And.,books/symbolic-language/editorial-review/2026-07-11-phase-9-grok-full-book/patches/MEAT-9159.diff,books/symbolic-language/editorial-review/2026-07-11-phase-9-grok-full-book/previews/MEAT-9159.md,P9-C001,267c3fef5d3c72c7,,,,
MEAT-9160,pending,localized,ai-sounding-staging,high,books/symbolic-language/14-orphans-widows-and-the-fatherless.adoc,113,113,Remove director cue Watch.,books/symbolic-language/editorial-review/2026-07-11-phase-9-grok-full-book/patches/MEAT-9160.diff,books/symbolic-language/editorial-review/2026-07-11-phase-9-grok-full-book/previews/MEAT-9160.md,P9-C001,1d1b8177b436db5b,,,,
MEAT-9161,pending,localized,clarity,medium,books/symbolic-language/14-orphans-widows-and-the-fatherless.adoc,109,109,Fix pronoun agreement with the poor.,books/symbolic-language/editorial-review/2026-07-11-phase-9-grok-full-book/patches/MEAT-9161.diff,books/symbolic-language/editorial-review/2026-07-11-phase-9-grok-full-book/previews/MEAT-9161.md,P9-C001,de7676677fcc9010,,,,
MEAT-9162,pending,localized,grammar,medium,books/symbolic-language/14-orphans-widows-and-the-fatherless.adoc,110,110,Repair inverted subject construction.,books/symbolic-language/editorial-review/2026-07-11-phase-9-grok-full-book/patches/MEAT-9162.diff,books/symbolic-language/editorial-review/2026-07-11-phase-9-grok-full-book/previews/MEAT-9162.md,P9-C001,3023a213516ae36f,,,,
MEAT-9163,pending,localized,sentence-open,high,books/symbolic-language/15-the-remnant.adoc,56,56,Drop And-open and 'mark' staging.,books/symbolic-language/editorial-review/2026-07-11-phase-9-grok-full-book/patches/MEAT-9163.diff,books/symbolic-language/editorial-review/2026-07-11-phase-9-grok-full-book/previews/MEAT-9163.md,P9-C001,927a087abab37a6a,,,,
MEAT-9164,pending,localized,sentence-open,medium,books/symbolic-language/15-the-remnant.adoc,92,92,Replace sentence-initial That.,books/symbolic-language/editorial-review/2026-07-11-phase-9-grok-full-book/patches/MEAT-9164.diff,books/symbolic-language/editorial-review/2026-07-11-phase-9-grok-full-book/previews/MEAT-9164.md,P9-C001,d122a78dc7cf0e10,,,,
MEAT-9165,pending,localized,sentence-open,medium,books/symbolic-language/15-the-remnant.adoc,140,140,Remove But-open and imperative staging.,books/symbolic-language/editorial-review/2026-07-11-phase-9-grok-full-book/patches/MEAT-9165.diff,books/symbolic-language/editorial-review/2026-07-11-phase-9-grok-full-book/previews/MEAT-9165.md,P9-C001,255820d2bc987da3,,,,
MEAT-9166,pending,localized,sentence-open,medium,books/symbolic-language/15-the-remnant.adoc,166,166,Remove And-open without altering the quote.,books/symbolic-language/editorial-review/2026-07-11-phase-9-grok-full-book/patches/MEAT-9166.diff,books/symbolic-language/editorial-review/2026-07-11-phase-9-grok-full-book/previews/MEAT-9166.md,P9-C001,4debdd83b837704b,,,,
MEAT-9167,pending,localized,sentence-open,medium,books/symbolic-language/15-the-remnant.adoc,116,116,Remove And-open in the print-edition field block.,books/symbolic-language/editorial-review/2026-07-11-phase-9-grok-full-book/patches/MEAT-9167.diff,books/symbolic-language/editorial-review/2026-07-11-phase-9-grok-full-book/previews/MEAT-9167.md,P9-C001,fdca0ede022dcf3e,,,,
MEAT-9168,pending,localized,sentence-open,medium,books/symbolic-language/15-the-remnant.adoc,194,194,Replace sentence-initial That.,books/symbolic-language/editorial-review/2026-07-11-phase-9-grok-full-book/patches/MEAT-9168.diff,books/symbolic-language/editorial-review/2026-07-11-phase-9-grok-full-book/previews/MEAT-9168.md,P9-C001,4938ca827029954a,,,,
MEAT-9169,pending,localized,factual,medium,books/symbolic-language/15-the-remnant.adoc,115,115,Align print row spacing with the web table math.,books/symbolic-language/editorial-review/2026-07-11-phase-9-grok-full-book/patches/MEAT-9169.diff,books/symbolic-language/editorial-review/2026-07-11-phase-9-grok-full-book/previews/MEAT-9169.md,P9-C001,b8dd01cb85166f53,,,,
MEAT-9170,pending,localized,sentence-open,medium,books/symbolic-language/15-the-remnant.adoc,215,215,Remove leading And from author prose sentence.,books/symbolic-language/editorial-review/2026-07-11-phase-9-grok-full-book/patches/MEAT-9170.diff,books/symbolic-language/editorial-review/2026-07-11-phase-9-grok-full-book/previews/MEAT-9170.md,P9-C001,00d4d626be16f1c6,,,,
MEAT-9171,pending,localized,factual,high,books/symbolic-language/15-the-remnant.adoc,244,244,Align early survivor count with later evidence table and print summary.,books/symbolic-language/editorial-review/2026-07-11-phase-9-grok-full-book/patches/MEAT-9171.diff,books/symbolic-language/editorial-review/2026-07-11-phase-9-grok-full-book/previews/MEAT-9171.md,P9-C001,d3823a7e46f02cd2,,,,
MEAT-9172,pending,localized,factual,high,books/symbolic-language/15-the-remnant.adoc,237,241,Combine oxen and donkeys into one row to match the four disasters of Job 1.,books/symbolic-language/editorial-review/2026-07-11-phase-9-grok-full-book/patches/MEAT-9172.diff,books/symbolic-language/editorial-review/2026-07-11-phase-9-grok-full-book/previews/MEAT-9172.md,P9-C001,f83e19aec1aee56c,,,,
MEAT-9173,pending,localized,sentence-open,medium,books/symbolic-language/15-the-remnant.adoc,254,254,Remove leading That from author prose sentence.,books/symbolic-language/editorial-review/2026-07-11-phase-9-grok-full-book/patches/MEAT-9173.diff,books/symbolic-language/editorial-review/2026-07-11-phase-9-grok-full-book/previews/MEAT-9173.md,P9-C001,e768564a62441e29,,,,
MEAT-9174,pending,localized,sentence-open,medium,books/symbolic-language/15-the-remnant.adoc,263,263,Remove leading And from author prose sentence.,books/symbolic-language/editorial-review/2026-07-11-phase-9-grok-full-book/patches/MEAT-9174.diff,books/symbolic-language/editorial-review/2026-07-11-phase-9-grok-full-book/previews/MEAT-9174.md,P9-C001,e23a0a4aab1cf4df,,,,
MEAT-9175,pending,localized,ai-sounding-staging,high,books/symbolic-language/15-the-remnant.adoc,269,270,Remove Hold and Now staging imperatives.,books/symbolic-language/editorial-review/2026-07-11-phase-9-grok-full-book/patches/MEAT-9175.diff,books/symbolic-language/editorial-review/2026-07-11-phase-9-grok-full-book/previews/MEAT-9175.md,P9-C001,4675bc22ad6fbe18,,,,
MEAT-9176,pending,localized,ai-sounding-staging,high,books/symbolic-language/15-the-remnant.adoc,379,379,Remove director cue “Now hear”.,books/symbolic-language/editorial-review/2026-07-11-phase-9-grok-full-book/patches/MEAT-9176.diff,books/symbolic-language/editorial-review/2026-07-11-phase-9-grok-full-book/previews/MEAT-9176.md,P9-C001,92e15f5a1b786792,,,,
MEAT-9177,pending,localized,ai-sounding-staging,high,books/symbolic-language/15-the-remnant.adoc,397,397,Remove “Now return” and “weigh” director cues.,books/symbolic-language/editorial-review/2026-07-11-phase-9-grok-full-book/patches/MEAT-9177.diff,books/symbolic-language/editorial-review/2026-07-11-phase-9-grok-full-book/previews/MEAT-9177.md,P9-C001,aeeaf01747c7d24e,,,,
MEAT-9178,pending,localized,sentence-open,high,books/symbolic-language/15-the-remnant.adoc,403,403,Drop leading “And” from author prose.,books/symbolic-language/editorial-review/2026-07-11-phase-9-grok-full-book/patches/MEAT-9178.diff,books/symbolic-language/editorial-review/2026-07-11-phase-9-grok-full-book/previews/MEAT-9178.md,P9-C001,1d3eb3eb7bdd2400,,,,
MEAT-9179,pending,localized,tone-register,low,books/symbolic-language/15-the-remnant.adoc,367,367,Replace colloquial “dig” with denser “work”.,books/symbolic-language/editorial-review/2026-07-11-phase-9-grok-full-book/patches/MEAT-9179.diff,books/symbolic-language/editorial-review/2026-07-11-phase-9-grok-full-book/previews/MEAT-9179.md,P9-C001,a1ea91dba0fef5a3,,,,
MEAT-9180,pending,localized,sentence-open,high,books/symbolic-language/16-heaven-and-hell.adoc,36,36,Remove sentence-initial And.,books/symbolic-language/editorial-review/2026-07-11-phase-9-grok-full-book/patches/MEAT-9180.diff,books/symbolic-language/editorial-review/2026-07-11-phase-9-grok-full-book/previews/MEAT-9180.md,P9-C001,0bbf62e5974cdf2e,,,,
MEAT-9181,pending,localized,sentence-open,high,books/symbolic-language/16-heaven-and-hell.adoc,65,65,Remove sentence-initial And.,books/symbolic-language/editorial-review/2026-07-11-phase-9-grok-full-book/patches/MEAT-9181.diff,books/symbolic-language/editorial-review/2026-07-11-phase-9-grok-full-book/previews/MEAT-9181.md,P9-C001,beb5b4e0eba63d39,,,,
MEAT-9182,pending,localized,sentence-open,high,books/symbolic-language/16-heaven-and-hell.adoc,97,97,Replace sentence-initial That with This.,books/symbolic-language/editorial-review/2026-07-11-phase-9-grok-full-book/patches/MEAT-9182.diff,books/symbolic-language/editorial-review/2026-07-11-phase-9-grok-full-book/previews/MEAT-9182.md,P9-C001,eaf59e9549247788,,,,
MEAT-9183,pending,localized,sentence-open,high,books/symbolic-language/16-heaven-and-hell.adoc,123,123,Remove sentence-initial And.,books/symbolic-language/editorial-review/2026-07-11-phase-9-grok-full-book/patches/MEAT-9183.diff,books/symbolic-language/editorial-review/2026-07-11-phase-9-grok-full-book/previews/MEAT-9183.md,P9-C001,95309c2485231180,,,,
MEAT-9184,pending,localized,sentence-open,high,books/symbolic-language/16-heaven-and-hell.adoc,143,143,Remove sentence-initial And.,books/symbolic-language/editorial-review/2026-07-11-phase-9-grok-full-book/patches/MEAT-9184.diff,books/symbolic-language/editorial-review/2026-07-11-phase-9-grok-full-book/previews/MEAT-9184.md,P9-C001,765f76142f3da76c,,,,
MEAT-9185,pending,localized,sentence-open,high,books/symbolic-language/16-heaven-and-hell.adoc,159,159,Remove sentence-initial And.,books/symbolic-language/editorial-review/2026-07-11-phase-9-grok-full-book/patches/MEAT-9185.diff,books/symbolic-language/editorial-review/2026-07-11-phase-9-grok-full-book/previews/MEAT-9185.md,P9-C001,c3e3777b823db37b,,,,
MEAT-9186,pending,localized,clarity,medium,books/symbolic-language/16-heaven-and-hell.adoc,76,76,Convert word-form counts to digits.,books/symbolic-language/editorial-review/2026-07-11-phase-9-grok-full-book/patches/MEAT-9186.diff,books/symbolic-language/editorial-review/2026-07-11-phase-9-grok-full-book/previews/MEAT-9186.md,P9-C001,0124991647bfce1a,,,,
MEAT-9187,pending,localized,ai-sounding-staging,high,books/symbolic-language/16-heaven-and-hell.adoc,183,183,Remove residual director-cue staging.,books/symbolic-language/editorial-review/2026-07-11-phase-9-grok-full-book/patches/MEAT-9187.diff,books/symbolic-language/editorial-review/2026-07-11-phase-9-grok-full-book/previews/MEAT-9187.md,P9-C001,73d10e4c5116726c,,,,
MEAT-9188,pending,localized,readability,medium,books/symbolic-language/16-heaven-and-hell.adoc,184,184,Split overloaded sentence at the natural evidence seam.,books/symbolic-language/editorial-review/2026-07-11-phase-9-grok-full-book/patches/MEAT-9188.diff,books/symbolic-language/editorial-review/2026-07-11-phase-9-grok-full-book/previews/MEAT-9188.md,P9-C001,1f9cea08b3b6c11b,,,,
MEAT-9189,pending,localized,ai-sounding-staging,high,books/symbolic-language/16x-weeping-and-gnashing.adoc,60,60,Remove banned director cue “Hold the…”.,books/symbolic-language/editorial-review/2026-07-11-phase-9-grok-full-book/patches/MEAT-9189.diff,books/symbolic-language/editorial-review/2026-07-11-phase-9-grok-full-book/previews/MEAT-9189.md,P9-C001,665e5a105e40c612,,,,
MEAT-9190,pending,localized,sentence-open,medium,books/symbolic-language/16x-weeping-and-gnashing.adoc,77,77,Author prose must not open with And.,books/symbolic-language/editorial-review/2026-07-11-phase-9-grok-full-book/patches/MEAT-9190.diff,books/symbolic-language/editorial-review/2026-07-11-phase-9-grok-full-book/previews/MEAT-9190.md,P9-C001,0858497a0db8aba7,,,,
MEAT-9191,pending,localized,clarity,medium,books/symbolic-language/16x-weeping-and-gnashing.adoc,61,61,Repair incomplete phrase “roles' endings not yet dealt”.,books/symbolic-language/editorial-review/2026-07-11-phase-9-grok-full-book/patches/MEAT-9191.diff,books/symbolic-language/editorial-review/2026-07-11-phase-9-grok-full-book/previews/MEAT-9191.md,P9-C001,c0b5f4a89a7a58ef,,,,
MEAT-9192,pending,localized,ai-sounding-staging,high,books/symbolic-language/17-shadow.adoc,25,25,Remove director cue Hold the verdict.,books/symbolic-language/editorial-review/2026-07-11-phase-9-grok-full-book/patches/MEAT-9192.diff,books/symbolic-language/editorial-review/2026-07-11-phase-9-grok-full-book/previews/MEAT-9192.md,P9-C001,7091fa0bafad5997,,,,
MEAT-9193,pending,localized,sentence-open,medium,books/symbolic-language/17-shadow.adoc,40,40,Author prose must not open with That.,books/symbolic-language/editorial-review/2026-07-11-phase-9-grok-full-book/patches/MEAT-9193.diff,books/symbolic-language/editorial-review/2026-07-11-phase-9-grok-full-book/previews/MEAT-9193.md,P9-C001,4f3df03c26cb572d,,,,
MEAT-9194,pending,localized,sentence-open,medium,books/symbolic-language/17-shadow.adoc,56,56,Drop sentence-initial And.,books/symbolic-language/editorial-review/2026-07-11-phase-9-grok-full-book/patches/MEAT-9194.diff,books/symbolic-language/editorial-review/2026-07-11-phase-9-grok-full-book/previews/MEAT-9194.md,P9-C001,69d112892cefc17f,,,,
MEAT-9195,pending,localized,sentence-open,medium,books/symbolic-language/17-shadow.adoc,68,68,Drop sentence-initial And.,books/symbolic-language/editorial-review/2026-07-11-phase-9-grok-full-book/patches/MEAT-9195.diff,books/symbolic-language/editorial-review/2026-07-11-phase-9-grok-full-book/previews/MEAT-9195.md,P9-C001,f3336561ce50a2c0,,,,
MEAT-9196,pending,localized,ai-sounding-staging,high,books/symbolic-language/17-shadow.adoc,74,74,Remove Read and notice staging.,books/symbolic-language/editorial-review/2026-07-11-phase-9-grok-full-book/patches/MEAT-9196.diff,books/symbolic-language/editorial-review/2026-07-11-phase-9-grok-full-book/previews/MEAT-9196.md,P9-C001,0bd7b16e1cf277e0,,,,
MEAT-9197,pending,localized,sentence-open,medium,books/symbolic-language/17-shadow.adoc,82,82,Drop sentence-initial And.,books/symbolic-language/editorial-review/2026-07-11-phase-9-grok-full-book/patches/MEAT-9197.diff,books/symbolic-language/editorial-review/2026-07-11-phase-9-grok-full-book/previews/MEAT-9197.md,P9-C001,279f4bf6b0b6783a,,,,
MEAT-9198,pending,localized,ai-sounding-staging,medium,books/symbolic-language/17-shadow.adoc,89,89,Drop opening Now as staging.,books/symbolic-language/editorial-review/2026-07-11-phase-9-grok-full-book/patches/MEAT-9198.diff,books/symbolic-language/editorial-review/2026-07-11-phase-9-grok-full-book/previews/MEAT-9198.md,P9-C001,4ebce88d80b0be7f,,,,
MEAT-9199,pending,localized,sentence-open,high,books/symbolic-language/17-shadow.adoc,148,148,Drop sentence-initial But.,books/symbolic-language/editorial-review/2026-07-11-phase-9-grok-full-book/patches/MEAT-9199.diff,books/symbolic-language/editorial-review/2026-07-11-phase-9-grok-full-book/previews/MEAT-9199.md,P9-C001,086a7bdaf2c55fcc,,,,
MEAT-9200,pending,localized,ai-sounding-staging,high,books/symbolic-language/17-shadow.adoc,186,186,Strip the director cue that stages the reader.,books/symbolic-language/editorial-review/2026-07-11-phase-9-grok-full-book/patches/MEAT-9200.diff,books/symbolic-language/editorial-review/2026-07-11-phase-9-grok-full-book/previews/MEAT-9200.md,P9-C001,4aced34eb6b44361,,,,
MEAT-9201,pending,localized,sentence-open,high,books/symbolic-language/18-justice-and-judgment.adoc,37,37,Remove prohibited And-start in author prose.,books/symbolic-language/editorial-review/2026-07-11-phase-9-grok-full-book/patches/MEAT-9201.diff,books/symbolic-language/editorial-review/2026-07-11-phase-9-grok-full-book/previews/MEAT-9201.md,P9-C001,02b3508b872b0b00,,,,
MEAT-9202,pending,localized,sentence-open,high,books/symbolic-language/18-justice-and-judgment.adoc,41,41,Remove prohibited That-start.,books/symbolic-language/editorial-review/2026-07-11-phase-9-grok-full-book/patches/MEAT-9202.diff,books/symbolic-language/editorial-review/2026-07-11-phase-9-grok-full-book/previews/MEAT-9202.md,P9-C001,305c956b1ed171ed,,,,
MEAT-9203,pending,localized,ai-sounding-staging,high,books/symbolic-language/18-justice-and-judgment.adoc,43,43,Remove director cue “watch.”,books/symbolic-language/editorial-review/2026-07-11-phase-9-grok-full-book/patches/MEAT-9203.diff,books/symbolic-language/editorial-review/2026-07-11-phase-9-grok-full-book/previews/MEAT-9203.md,P9-C001,dbb5f71cfbdc32d4,,,,
MEAT-9204,pending,localized,sentence-open,high,books/symbolic-language/18-justice-and-judgment.adoc,55,55,Remove prohibited That-start.,books/symbolic-language/editorial-review/2026-07-11-phase-9-grok-full-book/patches/MEAT-9204.diff,books/symbolic-language/editorial-review/2026-07-11-phase-9-grok-full-book/previews/MEAT-9204.md,P9-C001,da442162a0a1fa21,,,,
MEAT-9205,pending,localized,sentence-open,high,books/symbolic-language/18-justice-and-judgment.adoc,73,73,Remove prohibited And-start.,books/symbolic-language/editorial-review/2026-07-11-phase-9-grok-full-book/patches/MEAT-9205.diff,books/symbolic-language/editorial-review/2026-07-11-phase-9-grok-full-book/previews/MEAT-9205.md,P9-C001,974fc3af3f7dbafb,,,,
MEAT-9206,pending,localized,ai-sounding-staging,medium,books/symbolic-language/18-justice-and-judgment.adoc,136,136,Drop director imperative “Read.”,books/symbolic-language/editorial-review/2026-07-11-phase-9-grok-full-book/patches/MEAT-9206.diff,books/symbolic-language/editorial-review/2026-07-11-phase-9-grok-full-book/previews/MEAT-9206.md,P9-C001,7e3ef34fa55bb95b,,,,
MEAT-9207,pending,localized,sentence-open,high,books/symbolic-language/18-justice-and-judgment.adoc,148,148,Remove prohibited And-start on the inheritance claim.,books/symbolic-language/editorial-review/2026-07-11-phase-9-grok-full-book/patches/MEAT-9207.diff,books/symbolic-language/editorial-review/2026-07-11-phase-9-grok-full-book/previews/MEAT-9207.md,P9-C001,7d0b7134f2b79e4e,,,,
MEAT-9208,pending,localized,tone-register,low,books/symbolic-language/18-justice-and-judgment.adoc,19,19,Render the count as digits per house style.,books/symbolic-language/editorial-review/2026-07-11-phase-9-grok-full-book/patches/MEAT-9208.diff,books/symbolic-language/editorial-review/2026-07-11-phase-9-grok-full-book/previews/MEAT-9208.md,P9-C001,11cb130938b601eb,,,,
MEAT-9209,pending,localized,sentence-open,high,books/symbolic-language/18-justice-and-judgment.adoc,163,163,Drop the leading And from author prose.,books/symbolic-language/editorial-review/2026-07-11-phase-9-grok-full-book/patches/MEAT-9209.diff,books/symbolic-language/editorial-review/2026-07-11-phase-9-grok-full-book/previews/MEAT-9209.md,P9-C001,2db6b76b9b70b407,,,,
MEAT-9210,pending,localized,ai-sounding-staging,high,books/symbolic-language/19-liberty.adoc,29,30,Remove director cue and merge into a direct assertion.,books/symbolic-language/editorial-review/2026-07-11-phase-9-grok-full-book/patches/MEAT-9210.diff,books/symbolic-language/editorial-review/2026-07-11-phase-9-grok-full-book/previews/MEAT-9210.md,P9-C001,a4ae3b38d9ae1bec,,,,
MEAT-9211,pending,localized,sentence-open,high,books/symbolic-language/19-liberty.adoc,27,27,Drop leading And from author prose.,books/symbolic-language/editorial-review/2026-07-11-phase-9-grok-full-book/patches/MEAT-9211.diff,books/symbolic-language/editorial-review/2026-07-11-phase-9-grok-full-book/previews/MEAT-9211.md,P9-C001,72e925d1a748a9a6,,,,
MEAT-9212,pending,localized,sentence-open,high,books/symbolic-language/19-liberty.adoc,43,43,Drop leading And from author prose.,books/symbolic-language/editorial-review/2026-07-11-phase-9-grok-full-book/patches/MEAT-9212.diff,books/symbolic-language/editorial-review/2026-07-11-phase-9-grok-full-book/previews/MEAT-9212.md,P9-C001,6bda779b6fbaa7f2,,,,
MEAT-9213,pending,localized,sentence-open,high,books/symbolic-language/19-liberty.adoc,55,55,Drop leading And from author prose.,books/symbolic-language/editorial-review/2026-07-11-phase-9-grok-full-book/patches/MEAT-9213.diff,books/symbolic-language/editorial-review/2026-07-11-phase-9-grok-full-book/previews/MEAT-9213.md,P9-C001,759c9b3eaa40fa2f,,,,
MEAT-9214,pending,localized,sentence-open,high,books/symbolic-language/19-liberty.adoc,75,75,Drop leading And from author prose.,books/symbolic-language/editorial-review/2026-07-11-phase-9-grok-full-book/patches/MEAT-9214.diff,books/symbolic-language/editorial-review/2026-07-11-phase-9-grok-full-book/previews/MEAT-9214.md,P9-C001,a306e868c6d88548,,,,
MEAT-9215,pending,localized,ai-sounding-staging,high,books/symbolic-language/19-liberty.adoc,116,116,Remove mark-that director cue.,books/symbolic-language/editorial-review/2026-07-11-phase-9-grok-full-book/patches/MEAT-9215.diff,books/symbolic-language/editorial-review/2026-07-11-phase-9-grok-full-book/previews/MEAT-9215.md,P9-C001,b856673df3fdf402,,,,
MEAT-9216,pending,localized,sentence-open,high,books/symbolic-language/19-liberty.adoc,133,133,Drop leading And from author prose.,books/symbolic-language/editorial-review/2026-07-11-phase-9-grok-full-book/patches/MEAT-9216.diff,books/symbolic-language/editorial-review/2026-07-11-phase-9-grok-full-book/previews/MEAT-9216.md,P9-C001,efe1bb2d6682304e,,,,
MEAT-9217,pending,localized,sentence-open,high,books/symbolic-language/19-liberty.adoc,163,163,Drop leading And from author prose.,books/symbolic-language/editorial-review/2026-07-11-phase-9-grok-full-book/patches/MEAT-9217.diff,books/symbolic-language/editorial-review/2026-07-11-phase-9-grok-full-book/previews/MEAT-9217.md,P9-C001,4bf6e30c53d167e8,,,,
MEAT-9218,pending,localized,sentence-open,medium,books/symbolic-language/20-the-fool-and-the-wise.adoc,36,36,Drop sentence-initial And in author prose.,books/symbolic-language/editorial-review/2026-07-11-phase-9-grok-full-book/patches/MEAT-9218.diff,books/symbolic-language/editorial-review/2026-07-11-phase-9-grok-full-book/previews/MEAT-9218.md,P9-C001,33a96087a1e2a81b,,,,
MEAT-9219,pending,localized,sentence-open,medium,books/symbolic-language/20-the-fool-and-the-wise.adoc,45,45,Replace sentence-initial That with This.,books/symbolic-language/editorial-review/2026-07-11-phase-9-grok-full-book/patches/MEAT-9219.diff,books/symbolic-language/editorial-review/2026-07-11-phase-9-grok-full-book/previews/MEAT-9219.md,P9-C001,b19148cf76597f64,,,,
MEAT-9220,pending,localized,ai-sounding-staging,low,books/symbolic-language/20-the-fool-and-the-wise.adoc,53,53,Remove director-style Begin with cue.,books/symbolic-language/editorial-review/2026-07-11-phase-9-grok-full-book/patches/MEAT-9220.diff,books/symbolic-language/editorial-review/2026-07-11-phase-9-grok-full-book/previews/MEAT-9220.md,P9-C001,f7668a17e8d600e5,,,,
MEAT-9221,pending,localized,sentence-open,medium,books/symbolic-language/20-the-fool-and-the-wise.adoc,65,65,Drop sentence-initial And in author prose.,books/symbolic-language/editorial-review/2026-07-11-phase-9-grok-full-book/patches/MEAT-9221.diff,books/symbolic-language/editorial-review/2026-07-11-phase-9-grok-full-book/previews/MEAT-9221.md,P9-C001,9bc487b85766357e,,,,
MEAT-9222,pending,localized,sentence-open,medium,books/symbolic-language/20-the-fool-and-the-wise.adoc,72,72,Drop sentence-initial And in author prose.,books/symbolic-language/editorial-review/2026-07-11-phase-9-grok-full-book/patches/MEAT-9222.diff,books/symbolic-language/editorial-review/2026-07-11-phase-9-grok-full-book/previews/MEAT-9222.md,P9-C001,cdc685b6561c7f23,,,,
MEAT-9223,pending,localized,sentence-open,medium,books/symbolic-language/20-the-fool-and-the-wise.adoc,141,141,Drop sentence-initial And in author prose.,books/symbolic-language/editorial-review/2026-07-11-phase-9-grok-full-book/patches/MEAT-9223.diff,books/symbolic-language/editorial-review/2026-07-11-phase-9-grok-full-book/previews/MEAT-9223.md,P9-C001,90d55017adca0e45,,,,
MEAT-9224,pending,localized,sentence-open,medium,books/symbolic-language/20-the-fool-and-the-wise.adoc,144,144,Drop sentence-initial And in author prose.,books/symbolic-language/editorial-review/2026-07-11-phase-9-grok-full-book/patches/MEAT-9224.diff,books/symbolic-language/editorial-review/2026-07-11-phase-9-grok-full-book/previews/MEAT-9224.md,P9-C001,7ed057cf4877c033,,,,
MEAT-9225,pending,localized,sentence-open,medium,books/symbolic-language/20-the-fool-and-the-wise.adoc,150,150,Drop sentence-initial And in author prose.,books/symbolic-language/editorial-review/2026-07-11-phase-9-grok-full-book/patches/MEAT-9225.diff,books/symbolic-language/editorial-review/2026-07-11-phase-9-grok-full-book/previews/MEAT-9225.md,P9-C001,f3b56a0f667bfc8c,,,,
MEAT-9226,pending,localized,sentence-open,medium,books/symbolic-language/21-light-and-darkness.adoc,41,41,Drop banned sentence-initial That.,books/symbolic-language/editorial-review/2026-07-11-phase-9-grok-full-book/patches/MEAT-9226.diff,books/symbolic-language/editorial-review/2026-07-11-phase-9-grok-full-book/previews/MEAT-9226.md,P9-C001,5c1d4c3eea5e6edd,,,,
MEAT-9227,pending,localized,sentence-open,medium,books/symbolic-language/21-light-and-darkness.adoc,53,53,Drop banned sentence-initial And.,books/symbolic-language/editorial-review/2026-07-11-phase-9-grok-full-book/patches/MEAT-9227.diff,books/symbolic-language/editorial-review/2026-07-11-phase-9-grok-full-book/previews/MEAT-9227.md,P9-C001,ecc8a300f57d2b6b,,,,
MEAT-9228,pending,localized,ai-sounding-staging,high,books/symbolic-language/22-worship.adoc,18,18,Remove director cue and fix subject-verb agreement.,books/symbolic-language/editorial-review/2026-07-11-phase-9-grok-full-book/patches/MEAT-9228.diff,books/symbolic-language/editorial-review/2026-07-11-phase-9-grok-full-book/previews/MEAT-9228.md,P9-C001,5a28f27bbea55b77,,,,
MEAT-9229,pending,localized,sentence-open,medium,books/symbolic-language/22-worship.adoc,45,45,Remove author-prose sentence opening with And.,books/symbolic-language/editorial-review/2026-07-11-phase-9-grok-full-book/patches/MEAT-9229.diff,books/symbolic-language/editorial-review/2026-07-11-phase-9-grok-full-book/previews/MEAT-9229.md,P9-C001,a69406ecf02eac21,,,,
MEAT-9230,pending,localized,sentence-open,medium,books/symbolic-language/22-worship.adoc,55,55,Remove author-prose sentence opening with And.,books/symbolic-language/editorial-review/2026-07-11-phase-9-grok-full-book/patches/MEAT-9230.diff,books/symbolic-language/editorial-review/2026-07-11-phase-9-grok-full-book/previews/MEAT-9230.md,P9-C001,275528707650c435,,,,
MEAT-9231,pending,localized,sentence-open,medium,books/symbolic-language/22-worship.adoc,58,58,Remove author-prose sentence opening with That.,books/symbolic-language/editorial-review/2026-07-11-phase-9-grok-full-book/patches/MEAT-9231.diff,books/symbolic-language/editorial-review/2026-07-11-phase-9-grok-full-book/previews/MEAT-9231.md,P9-C001,810206690d602b22,,,,
MEAT-9232,pending,localized,ai-sounding-staging,high,books/symbolic-language/22-worship.adoc,105,105,Remove “Now look closely” director staging.,books/symbolic-language/editorial-review/2026-07-11-phase-9-grok-full-book/patches/MEAT-9232.diff,books/symbolic-language/editorial-review/2026-07-11-phase-9-grok-full-book/previews/MEAT-9232.md,P9-C001,b4512301a525c47e,,,,
MEAT-9233,pending,localized,ai-sounding-staging,high,books/symbolic-language/22-worship.adoc,116,116,Remove banned “Hold” director cue and future-tense staging.,books/symbolic-language/editorial-review/2026-07-11-phase-9-grok-full-book/patches/MEAT-9233.diff,books/symbolic-language/editorial-review/2026-07-11-phase-9-grok-full-book/previews/MEAT-9233.md,P9-C001,94d199a0e64ca4e2,,,,
MEAT-9234,pending,localized,sentence-open,high,books/symbolic-language/22-worship.adoc,155,155,Remove And-open and “listen” staging in one cut.,books/symbolic-language/editorial-review/2026-07-11-phase-9-grok-full-book/patches/MEAT-9234.diff,books/symbolic-language/editorial-review/2026-07-11-phase-9-grok-full-book/previews/MEAT-9234.md,P9-C001,062a7997b5e09d49,,,,
MEAT-9235,pending,localized,sentence-open,high,books/symbolic-language/23-the-fear-of-the-lord.adoc,75,75,Remove sentence-initial And.,books/symbolic-language/editorial-review/2026-07-11-phase-9-grok-full-book/patches/MEAT-9235.diff,books/symbolic-language/editorial-review/2026-07-11-phase-9-grok-full-book/previews/MEAT-9235.md,P9-C001,c06262e053c9794f,,,,
MEAT-9236,pending,localized,sentence-open,high,books/symbolic-language/23-the-fear-of-the-lord.adoc,93,93,Remove sentence-initial And.,books/symbolic-language/editorial-review/2026-07-11-phase-9-grok-full-book/patches/MEAT-9236.diff,books/symbolic-language/editorial-review/2026-07-11-phase-9-grok-full-book/previews/MEAT-9236.md,P9-C001,06972f228deae15d,,,,
MEAT-9237,pending,localized,clarity,medium,books/symbolic-language/23-the-fear-of-the-lord.adoc,37,37,Replace awkward personification watched with showed.,books/symbolic-language/editorial-review/2026-07-11-phase-9-grok-full-book/patches/MEAT-9237.diff,books/symbolic-language/editorial-review/2026-07-11-phase-9-grok-full-book/previews/MEAT-9237.md,P9-C001,6a4b9665426a5182,,,,
MEAT-9238,pending,localized,grammar,medium,books/symbolic-language/23-the-fear-of-the-lord.adoc,116,116,Correct incomplete as the chapter found to as found in the chapter.,books/symbolic-language/editorial-review/2026-07-11-phase-9-grok-full-book/patches/MEAT-9238.diff,books/symbolic-language/editorial-review/2026-07-11-phase-9-grok-full-book/previews/MEAT-9238.md,P9-C001,62081f062278d8ad,,,,
MEAT-9239,pending,localized,clarity,medium,books/symbolic-language/23-the-fear-of-the-lord.adoc,109,109,Add comma to prevent misreading the prepositional phrase.,books/symbolic-language/editorial-review/2026-07-11-phase-9-grok-full-book/patches/MEAT-9239.diff,books/symbolic-language/editorial-review/2026-07-11-phase-9-grok-full-book/previews/MEAT-9239.md,P9-C001,15608525587675bb,,,,
MEAT-9240,pending,localized,clarity,medium,books/symbolic-language/24-path-to-salvation.adoc,17,17,Complete the bare predicate so the claim is immediately clear.,books/symbolic-language/editorial-review/2026-07-11-phase-9-grok-full-book/patches/MEAT-9240.diff,books/symbolic-language/editorial-review/2026-07-11-phase-9-grok-full-book/previews/MEAT-9240.md,P9-C001,c527be0f3a29fc9a,,,,
MEAT-9241,pending,localized,sentence-open,high,books/symbolic-language/24-path-to-salvation.adoc,193,193,Eliminate sentence-initial 'That' in author prose.,books/symbolic-language/editorial-review/2026-07-11-phase-9-grok-full-book/patches/MEAT-9241.diff,books/symbolic-language/editorial-review/2026-07-11-phase-9-grok-full-book/previews/MEAT-9241.md,P9-C001,97bd58a5c8ba0ac9,,,,
MEAT-9242,pending,localized,ai-sounding-staging,high,books/symbolic-language/24-path-to-salvation.adoc,214,214,Remove director cue “Mark where.”,books/symbolic-language/editorial-review/2026-07-11-phase-9-grok-full-book/patches/MEAT-9242.diff,books/symbolic-language/editorial-review/2026-07-11-phase-9-grok-full-book/previews/MEAT-9242.md,P9-C001,6b98e3db0397cac9,,,,
MEAT-9243,pending,localized,sentence-open,high,books/symbolic-language/24-path-to-salvation.adoc,215,215,Eliminate sentence-initial “That.”,books/symbolic-language/editorial-review/2026-07-11-phase-9-grok-full-book/patches/MEAT-9243.diff,books/symbolic-language/editorial-review/2026-07-11-phase-9-grok-full-book/previews/MEAT-9243.md,P9-C001,275641c124232986,,,,
MEAT-9244,pending,localized,sentence-open,high,books/symbolic-language/24-path-to-salvation.adoc,238,238,Merge to remove sentence-initial “But.”,books/symbolic-language/editorial-review/2026-07-11-phase-9-grok-full-book/patches/MEAT-9244.diff,books/symbolic-language/editorial-review/2026-07-11-phase-9-grok-full-book/previews/MEAT-9244.md,P9-C001,0ce77673b41df6c5,,,,
MEAT-9245,pending,localized,clarity,medium,books/symbolic-language/24-path-to-salvation.adoc,243,243,Untangle the Introduction reference.,books/symbolic-language/editorial-review/2026-07-11-phase-9-grok-full-book/patches/MEAT-9245.diff,books/symbolic-language/editorial-review/2026-07-11-phase-9-grok-full-book/previews/MEAT-9245.md,P9-C001,3ca1d649a925f0dc,,,,
MEAT-9246,pending,localized,sentence-open,high,books/symbolic-language/24-path-to-salvation.adoc,244,244,Eliminate sentence-initial “That.”,books/symbolic-language/editorial-review/2026-07-11-phase-9-grok-full-book/patches/MEAT-9246.diff,books/symbolic-language/editorial-review/2026-07-11-phase-9-grok-full-book/previews/MEAT-9246.md,P9-C001,441e1deb0d16cc21,,,,
MEAT-9247,pending,localized,ai-sounding-staging,high,books/symbolic-language/25-what-is-the-point.adoc,48,48,Remove presenter staging (“Now hear” / “mark”).,books/symbolic-language/editorial-review/2026-07-11-phase-9-grok-full-book/patches/MEAT-9247.diff,books/symbolic-language/editorial-review/2026-07-11-phase-9-grok-full-book/previews/MEAT-9247.md,P9-C001,f9b7ec39e1ef164d,,,,
MEAT-9248,pending,localized,ai-sounding-staging,medium,books/symbolic-language/25-what-is-the-point.adoc,41,41,Drop the imperative “so read” cue.,books/symbolic-language/editorial-review/2026-07-11-phase-9-grok-full-book/patches/MEAT-9248.diff,books/symbolic-language/editorial-review/2026-07-11-phase-9-grok-full-book/previews/MEAT-9248.md,P9-C001,747389b101b48793,,,,
MEAT-9249,pending,localized,sentence-open,high,books/symbolic-language/25-what-is-the-point.adoc,58,58,Author prose must not open with “That”.,books/symbolic-language/editorial-review/2026-07-11-phase-9-grok-full-book/patches/MEAT-9249.diff,books/symbolic-language/editorial-review/2026-07-11-phase-9-grok-full-book/previews/MEAT-9249.md,P9-C001,81162f248b95a557,,,,
MEAT-9250,pending,localized,sentence-open,high,books/symbolic-language/25-what-is-the-point.adoc,107,107,Drop sentence-initial “And”.,books/symbolic-language/editorial-review/2026-07-11-phase-9-grok-full-book/patches/MEAT-9250.diff,books/symbolic-language/editorial-review/2026-07-11-phase-9-grok-full-book/previews/MEAT-9250.md,P9-C001,fe3a2646ef4da183,,,,
MEAT-9251,pending,localized,sentence-open,high,books/symbolic-language/25-what-is-the-point.adoc,121,121,Drop sentence-initial “But”.,books/symbolic-language/editorial-review/2026-07-11-phase-9-grok-full-book/patches/MEAT-9251.diff,books/symbolic-language/editorial-review/2026-07-11-phase-9-grok-full-book/previews/MEAT-9251.md,P9-C001,9b7806f0e0652bb0,,,,
MEAT-9252,pending,localized,sentence-open,high,books/symbolic-language/25-what-is-the-point.adoc,124,124,Drop sentence-initial “And”.,books/symbolic-language/editorial-review/2026-07-11-phase-9-grok-full-book/patches/MEAT-9252.diff,books/symbolic-language/editorial-review/2026-07-11-phase-9-grok-full-book/previews/MEAT-9252.md,P9-C001,314196be95846d55,,,,
MEAT-9253,pending,localized,clarity,low,books/symbolic-language/25-what-is-the-point.adoc,91,91,Fix non-idiomatic “watched working”.,books/symbolic-language/editorial-review/2026-07-11-phase-9-grok-full-book/patches/MEAT-9253.diff,books/symbolic-language/editorial-review/2026-07-11-phase-9-grok-full-book/previews/MEAT-9253.md,P9-C001,b4330bc2331cc95c,,,,
MEAT-9254,pending,localized,sentence-open,high,books/symbolic-language/26-spoken-once-heard-twice.adoc,29,29,Remove banned And sentence open in author prose.,books/symbolic-language/editorial-review/2026-07-11-phase-9-grok-full-book/patches/MEAT-9254.diff,books/symbolic-language/editorial-review/2026-07-11-phase-9-grok-full-book/previews/MEAT-9254.md,P9-C001,b1e2c3b2e0abc01d,,,,
MEAT-9255,pending,localized,sentence-open,high,books/symbolic-language/26-spoken-once-heard-twice.adoc,47,47,Remove banned But sentence open in author prose.,books/symbolic-language/editorial-review/2026-07-11-phase-9-grok-full-book/patches/MEAT-9255.diff,books/symbolic-language/editorial-review/2026-07-11-phase-9-grok-full-book/previews/MEAT-9255.md,P9-C001,df7d0fd48f9a8bda,,,,
MEAT-9256,pending,localized,sentence-open,high,books/symbolic-language/26-spoken-once-heard-twice.adoc,73,73,Remove banned And sentence open before the Babylon quote.,books/symbolic-language/editorial-review/2026-07-11-phase-9-grok-full-book/patches/MEAT-9256.diff,books/symbolic-language/editorial-review/2026-07-11-phase-9-grok-full-book/previews/MEAT-9256.md,P9-C001,b6d9606aafc44e31,,,,
MEAT-9257,pending,localized,sentence-open,high,books/symbolic-language/26-spoken-once-heard-twice.adoc,93,93,Remove banned And sentence open on the incarnation reading.,books/symbolic-language/editorial-review/2026-07-11-phase-9-grok-full-book/patches/MEAT-9257.diff,books/symbolic-language/editorial-review/2026-07-11-phase-9-grok-full-book/previews/MEAT-9257.md,P9-C001,aef96a78342fac88,,,,
MEAT-9258,pending,localized,sentence-open,high,books/symbolic-language/26-spoken-once-heard-twice.adoc,99,99,Remove banned And sentence open on the Revelation 12 reading.,books/symbolic-language/editorial-review/2026-07-11-phase-9-grok-full-book/patches/MEAT-9258.diff,books/symbolic-language/editorial-review/2026-07-11-phase-9-grok-full-book/previews/MEAT-9258.md,P9-C001,eb567c6221ca545f,,,,
MEAT-9259,pending,localized,clarity,medium,books/symbolic-language/26-spoken-once-heard-twice.adoc,27,27,Supply the missing noun after elliptical 'is one'.,books/symbolic-language/editorial-review/2026-07-11-phase-9-grok-full-book/patches/MEAT-9259.diff,books/symbolic-language/editorial-review/2026-07-11-phase-9-grok-full-book/previews/MEAT-9259.md,P9-C001,6748ad252cc8960d,,,,
MEAT-9260,pending,localized,ai-sounding-staging,high,books/symbolic-language/27-noah-uncovered.adoc,22,22,Remove director cue at paragraph open.,books/symbolic-language/editorial-review/2026-07-11-phase-9-grok-full-book/patches/MEAT-9260.diff,books/symbolic-language/editorial-review/2026-07-11-phase-9-grok-full-book/previews/MEAT-9260.md,P9-C001,74e19f362c7a3f66,,,,
MEAT-9261,pending,localized,sentence-open,high,books/symbolic-language/27-noah-uncovered.adoc,26,26,Drop forbidden And sentence open.,books/symbolic-language/editorial-review/2026-07-11-phase-9-grok-full-book/patches/MEAT-9261.diff,books/symbolic-language/editorial-review/2026-07-11-phase-9-grok-full-book/previews/MEAT-9261.md,P9-C001,0c811a04419c100d,,,,
MEAT-9262,pending,localized,ai-sounding-staging,high,books/symbolic-language/27-noah-uncovered.adoc,28,29,Cut pure meta-instruction before the method.,books/symbolic-language/editorial-review/2026-07-11-phase-9-grok-full-book/patches/MEAT-9262.diff,books/symbolic-language/editorial-review/2026-07-11-phase-9-grok-full-book/previews/MEAT-9262.md,P9-C001,fdb814ae04d3d2a6,,,,
MEAT-9263,pending,localized,sentence-open,high,books/symbolic-language/27-noah-uncovered.adoc,40,40,Drop forbidden And sentence open.,books/symbolic-language/editorial-review/2026-07-11-phase-9-grok-full-book/patches/MEAT-9263.diff,books/symbolic-language/editorial-review/2026-07-11-phase-9-grok-full-book/previews/MEAT-9263.md,P9-C001,bc42dc87b754a03a,,,,
MEAT-9264,pending,localized,clarity,medium,books/symbolic-language/27-noah-uncovered.adoc,47,47,Replace awkward 'make Noah' with method language.,books/symbolic-language/editorial-review/2026-07-11-phase-9-grok-full-book/patches/MEAT-9264.diff,books/symbolic-language/editorial-review/2026-07-11-phase-9-grok-full-book/previews/MEAT-9264.md,P9-C001,c4780bb7e3eddb5c,,,,
MEAT-9265,pending,localized,ai-sounding-staging,high,books/symbolic-language/27-noah-uncovered.adoc,59,59,Remove Now-read director cue before the re-reading.,books/symbolic-language/editorial-review/2026-07-11-phase-9-grok-full-book/patches/MEAT-9265.diff,books/symbolic-language/editorial-review/2026-07-11-phase-9-grok-full-book/previews/MEAT-9265.md,P9-C001,02683397e1fd8e6e,,,,
MEAT-9266,pending,localized,ai-sounding-staging,high,books/symbolic-language/27-noah-uncovered.adoc,79,79,Convert Hold-this cue into assertion.,books/symbolic-language/editorial-review/2026-07-11-phase-9-grok-full-book/patches/MEAT-9266.diff,books/symbolic-language/editorial-review/2026-07-11-phase-9-grok-full-book/previews/MEAT-9266.md,P9-C001,386826f0460ef908,,,,
MEAT-9267,pending,localized,ai-sounding-staging,high,books/symbolic-language/27-noah-uncovered.adoc,84,86,Remove Now-weigh and But-sit-down staging while preserving the cost claim.,books/symbolic-language/editorial-review/2026-07-11-phase-9-grok-full-book/patches/MEAT-9267.diff,books/symbolic-language/editorial-review/2026-07-11-phase-9-grok-full-book/previews/MEAT-9267.md,P9-C001,d5e5a0d5cf784332,,,,
MEAT-9268,pending,localized,sentence-open,high,books/symbolic-language/28-behold-the-hand.adoc,14,14,Remove forbidden sentence-initial That.,books/symbolic-language/editorial-review/2026-07-11-phase-9-grok-full-book/patches/MEAT-9268.diff,books/symbolic-language/editorial-review/2026-07-11-phase-9-grok-full-book/previews/MEAT-9268.md,P9-C001,3e17111e4d741777,,,,
MEAT-9269,pending,localized,sentence-open,high,books/symbolic-language/28-behold-the-hand.adoc,22,22,Drop sentence-initial And.,books/symbolic-language/editorial-review/2026-07-11-phase-9-grok-full-book/patches/MEAT-9269.diff,books/symbolic-language/editorial-review/2026-07-11-phase-9-grok-full-book/previews/MEAT-9269.md,P9-C001,112872416a0c71dc,,,,
MEAT-9270,pending,localized,sentence-open,high,books/symbolic-language/28-behold-the-hand.adoc,64,64,Drop sentence-initial And.,books/symbolic-language/editorial-review/2026-07-11-phase-9-grok-full-book/patches/MEAT-9270.diff,books/symbolic-language/editorial-review/2026-07-11-phase-9-grok-full-book/previews/MEAT-9270.md,P9-C001,d8cfde4537d4b014,,,,
MEAT-9271,pending,localized,sentence-open,high,books/symbolic-language/28-behold-the-hand.adoc,77,77,Remove forbidden sentence-initial That.,books/symbolic-language/editorial-review/2026-07-11-phase-9-grok-full-book/patches/MEAT-9271.diff,books/symbolic-language/editorial-review/2026-07-11-phase-9-grok-full-book/previews/MEAT-9271.md,P9-C001,1777b70543a7ffbc,,,,
MEAT-9272,pending,localized,ai-sounding-staging,high,books/symbolic-language/28-behold-the-hand.adoc,96,98,Cut weighing meta and But opener; assert the limit directly.,books/symbolic-language/editorial-review/2026-07-11-phase-9-grok-full-book/patches/MEAT-9272.diff,books/symbolic-language/editorial-review/2026-07-11-phase-9-grok-full-book/previews/MEAT-9272.md,P9-C001,653ea46586d652ad,,,,
MEAT-9273,pending,localized,ai-sounding-staging,high,books/symbolic-language/28-behold-the-hand.adoc,101,101,Remove director-cue Now.,books/symbolic-language/editorial-review/2026-07-11-phase-9-grok-full-book/patches/MEAT-9273.diff,books/symbolic-language/editorial-review/2026-07-11-phase-9-grok-full-book/previews/MEAT-9273.md,P9-C001,64fd0132270f9a94,,,,
MEAT-9274,pending,localized,tone-register,medium,books/symbolic-language/28-behold-the-hand.adoc,54,54,Drop meta cross-reference to prior weighing.,books/symbolic-language/editorial-review/2026-07-11-phase-9-grok-full-book/patches/MEAT-9274.diff,books/symbolic-language/editorial-review/2026-07-11-phase-9-grok-full-book/previews/MEAT-9274.md,P9-C001,e1dab260fe864d3d,,,,
MEAT-9275,pending,localized,sentence-open,medium,books/symbolic-language/29-sun-moon-and-stars.adoc,16,16,Drop leading And from author prose.,books/symbolic-language/editorial-review/2026-07-11-phase-9-grok-full-book/patches/MEAT-9275.diff,books/symbolic-language/editorial-review/2026-07-11-phase-9-grok-full-book/previews/MEAT-9275.md,P9-C001,feb05beee1d5aaf5,,,,
MEAT-9276,pending,localized,ai-sounding-staging,high,books/symbolic-language/29-sun-moon-and-stars.adoc,107,107,Remove director cue Mark where.,books/symbolic-language/editorial-review/2026-07-11-phase-9-grok-full-book/patches/MEAT-9276.diff,books/symbolic-language/editorial-review/2026-07-11-phase-9-grok-full-book/previews/MEAT-9276.md,P9-C001,14e1cc3e5b439e30,,,,
MEAT-9277,pending,localized,sentence-open,medium,books/symbolic-language/29-sun-moon-and-stars.adoc,111,111,Drop leading And from author prose.,books/symbolic-language/editorial-review/2026-07-11-phase-9-grok-full-book/patches/MEAT-9277.diff,books/symbolic-language/editorial-review/2026-07-11-phase-9-grok-full-book/previews/MEAT-9277.md,P9-C001,25d503ac5c3ad3ca,,,,
MEAT-9278,pending,localized,tone-register,medium,books/symbolic-language/29-sun-moon-and-stars.adoc,118,118,Drop reader-meta staging; assert the face directly.,books/symbolic-language/editorial-review/2026-07-11-phase-9-grok-full-book/patches/MEAT-9278.diff,books/symbolic-language/editorial-review/2026-07-11-phase-9-grok-full-book/previews/MEAT-9278.md,P9-C001,3500726c98b1b423,,,,
MEAT-9279,pending,localized,sentence-open,medium,books/symbolic-language/29-sun-moon-and-stars.adoc,125,125,Replace leading That with The.,books/symbolic-language/editorial-review/2026-07-11-phase-9-grok-full-book/patches/MEAT-9279.diff,books/symbolic-language/editorial-review/2026-07-11-phase-9-grok-full-book/previews/MEAT-9279.md,P9-C001,a121513bef74887f,,,,
MEAT-9280,pending,localized,sentence-open,medium,books/symbolic-language/29-sun-moon-and-stars.adoc,131,131,Rewrite opening to avoid That while keeping the identification.,books/symbolic-language/editorial-review/2026-07-11-phase-9-grok-full-book/patches/MEAT-9280.diff,books/symbolic-language/editorial-review/2026-07-11-phase-9-grok-full-book/previews/MEAT-9280.md,P9-C001,bcea7b3dfac2d455,,,,
MEAT-9281,pending,localized,sentence-open,medium,books/symbolic-language/29-sun-moon-and-stars.adoc,167,167,Drop leading And from author prose.,books/symbolic-language/editorial-review/2026-07-11-phase-9-grok-full-book/patches/MEAT-9281.diff,books/symbolic-language/editorial-review/2026-07-11-phase-9-grok-full-book/previews/MEAT-9281.md,P9-C001,c2c489533fa852c3,,,,
MEAT-9282,pending,localized,sentence-open,medium,books/symbolic-language/29-sun-moon-and-stars.adoc,171,171,Rewrite to avoid And/That open while keeping the causal claim.,books/symbolic-language/editorial-review/2026-07-11-phase-9-grok-full-book/patches/MEAT-9282.diff,books/symbolic-language/editorial-review/2026-07-11-phase-9-grok-full-book/previews/MEAT-9282.md,P9-C001,d5d11a244a1767ac,,,,
MEAT-9283,pending,localized,ai-sounding-staging,medium,books/symbolic-language/29-sun-moon-and-stars.adoc,185,185,Remove presenter Note-how cue.,books/symbolic-language/editorial-review/2026-07-11-phase-9-grok-full-book/patches/MEAT-9283.diff,books/symbolic-language/editorial-review/2026-07-11-phase-9-grok-full-book/previews/MEAT-9283.md,P9-C001,0f495b78c657403f,,,,
MEAT-9284,pending,localized,sentence-open,medium,books/symbolic-language/29-sun-moon-and-stars.adoc,187,187,Remove sentence-initial That.,books/symbolic-language/editorial-review/2026-07-11-phase-9-grok-full-book/patches/MEAT-9284.diff,books/symbolic-language/editorial-review/2026-07-11-phase-9-grok-full-book/previews/MEAT-9284.md,P9-C001,ee74e702012516e1,,,,
MEAT-9285,pending,localized,ai-sounding-staging,high,books/symbolic-language/29-sun-moon-and-stars.adoc,260,260,Remove Hold-the director cue.,books/symbolic-language/editorial-review/2026-07-11-phase-9-grok-full-book/patches/MEAT-9285.diff,books/symbolic-language/editorial-review/2026-07-11-phase-9-grok-full-book/previews/MEAT-9285.md,P9-C001,9cfd21fc05a9185f,,,,
MEAT-9286,pending,localized,sentence-open,medium,books/symbolic-language/29-sun-moon-and-stars.adoc,216,216,Drop sentence-initial And.,books/symbolic-language/editorial-review/2026-07-11-phase-9-grok-full-book/patches/MEAT-9286.diff,books/symbolic-language/editorial-review/2026-07-11-phase-9-grok-full-book/previews/MEAT-9286.md,P9-C001,d5b0001d8fdd2342,,,,
MEAT-9287,pending,localized,sentence-open,medium,books/symbolic-language/29-sun-moon-and-stars.adoc,221,221,Drop sentence-initial And; supply subject.,books/symbolic-language/editorial-review/2026-07-11-phase-9-grok-full-book/patches/MEAT-9287.diff,books/symbolic-language/editorial-review/2026-07-11-phase-9-grok-full-book/previews/MEAT-9287.md,P9-C001,d580df8221b9b3b1,,,,
MEAT-9288,pending,localized,tone-register,low,books/symbolic-language/29-sun-moon-and-stars.adoc,243,243,Cut hedging opener.,books/symbolic-language/editorial-review/2026-07-11-phase-9-grok-full-book/patches/MEAT-9288.diff,books/symbolic-language/editorial-review/2026-07-11-phase-9-grok-full-book/previews/MEAT-9288.md,P9-C001,80b9c7feb6aafbef,,,,
MEAT-9289,pending,localized,sentence-open,medium,books/symbolic-language/29-sun-moon-and-stars.adoc,255,255,Drop sentence-initial And.,books/symbolic-language/editorial-review/2026-07-11-phase-9-grok-full-book/patches/MEAT-9289.diff,books/symbolic-language/editorial-review/2026-07-11-phase-9-grok-full-book/previews/MEAT-9289.md,P9-C001,f8e3ce15468f1d45,,,,
MEAT-9290,pending,localized,clarity,medium,books/symbolic-language/29-sun-moon-and-stars.adoc,227,227,Insert relative in which for readable grammar.,books/symbolic-language/editorial-review/2026-07-11-phase-9-grok-full-book/patches/MEAT-9290.diff,books/symbolic-language/editorial-review/2026-07-11-phase-9-grok-full-book/previews/MEAT-9290.md,P9-C001,9fd47775c1fb15f0,,,,
MEAT-9291,pending,localized,sentence-open,high,books/symbolic-language/29-sun-moon-and-stars.adoc,375,375,Remove prohibited And-start in author prose.,books/symbolic-language/editorial-review/2026-07-11-phase-9-grok-full-book/patches/MEAT-9291.diff,books/symbolic-language/editorial-review/2026-07-11-phase-9-grok-full-book/previews/MEAT-9291.md,P9-C001,04c48b5a3fd808c0,,,,
MEAT-9292,pending,localized,ai-sounding-staging,high,books/symbolic-language/29-sun-moon-and-stars.adoc,356,356,Strip presenter 'Now we know' staging.,books/symbolic-language/editorial-review/2026-07-11-phase-9-grok-full-book/patches/MEAT-9292.diff,books/symbolic-language/editorial-review/2026-07-11-phase-9-grok-full-book/previews/MEAT-9292.md,P9-C001,4d8375ceac6681c3,,,,
MEAT-9293,pending,localized,ai-sounding-staging,high,books/symbolic-language/29-sun-moon-and-stars.adoc,358,358,Remove 'Now stand... and say what you see' director cue.,books/symbolic-language/editorial-review/2026-07-11-phase-9-grok-full-book/patches/MEAT-9293.diff,books/symbolic-language/editorial-review/2026-07-11-phase-9-grok-full-book/previews/MEAT-9293.md,P9-C001,101ee0a2e32a5942,,,,
MEAT-9294,pending,localized,ai-sounding-staging,medium,books/symbolic-language/29-sun-moon-and-stars.adoc,423,423,Eliminate imperative 'so set' cue.,books/symbolic-language/editorial-review/2026-07-11-phase-9-grok-full-book/patches/MEAT-9294.diff,books/symbolic-language/editorial-review/2026-07-11-phase-9-grok-full-book/previews/MEAT-9294.md,P9-C001,a32fb75cc5ef70e7,,,,
MEAT-9295,pending,localized,ai-sounding-staging,high,books/symbolic-language/29-sun-moon-and-stars.adoc,450,450,Remove 'Read with' director cue.,books/symbolic-language/editorial-review/2026-07-11-phase-9-grok-full-book/patches/MEAT-9295.diff,books/symbolic-language/editorial-review/2026-07-11-phase-9-grok-full-book/previews/MEAT-9295.md,P9-C001,4583ad9dcf93432b,,,,
MEAT-9296,pending,localized,ai-sounding-staging,medium,books/symbolic-language/29-sun-moon-and-stars.adoc,451,451,Replace residual 'weighing' staging language.,books/symbolic-language/editorial-review/2026-07-11-phase-9-grok-full-book/patches/MEAT-9296.diff,books/symbolic-language/editorial-review/2026-07-11-phase-9-grok-full-book/previews/MEAT-9296.md,P9-C001,6e274b3ccf3c5a94,,,,
MEAT-9297,pending,localized,sentence-open,high,books/symbolic-language/29-sun-moon-and-stars.adoc,454,454,Remove prohibited And-start in author prose.,books/symbolic-language/editorial-review/2026-07-11-phase-9-grok-full-book/patches/MEAT-9297.diff,books/symbolic-language/editorial-review/2026-07-11-phase-9-grok-full-book/previews/MEAT-9297.md,P9-C001,8be785d913b3f8f1,,,,
MEAT-9298,pending,localized,ai-sounding-staging,high,books/symbolic-language/29-sun-moon-and-stars.adoc,456,456,Strip 'Look at it' director cue.,books/symbolic-language/editorial-review/2026-07-11-phase-9-grok-full-book/patches/MEAT-9298.diff,books/symbolic-language/editorial-review/2026-07-11-phase-9-grok-full-book/previews/MEAT-9298.md,P9-C001,7c6bad0ac676f198,,,,
MEAT-9299,pending,localized,ai-sounding-staging,medium,books/symbolic-language/30-lucifers-declared-plan.adoc,29,29,Remove imperative director cue.,books/symbolic-language/editorial-review/2026-07-11-phase-9-grok-full-book/patches/MEAT-9299.diff,books/symbolic-language/editorial-review/2026-07-11-phase-9-grok-full-book/previews/MEAT-9299.md,P9-C001,c4ecdbaba546371b,,,,
MEAT-9300,pending,localized,sentence-open,high,books/symbolic-language/30-lucifers-declared-plan.adoc,56,56,Fix sentence starting with That.,books/symbolic-language/editorial-review/2026-07-11-phase-9-grok-full-book/patches/MEAT-9300.diff,books/symbolic-language/editorial-review/2026-07-11-phase-9-grok-full-book/previews/MEAT-9300.md,P9-C001,0665e98e39ef510d,,,,
MEAT-9301,pending,localized,ai-sounding-staging,medium,books/symbolic-language/30-lucifers-declared-plan.adoc,62,62,Replace 'remember' cue with direct assertion.,books/symbolic-language/editorial-review/2026-07-11-phase-9-grok-full-book/patches/MEAT-9301.diff,books/symbolic-language/editorial-review/2026-07-11-phase-9-grok-full-book/previews/MEAT-9301.md,P9-C001,b9b0c6ebd2530962,,,,
MEAT-9302,pending,localized,sentence-open,high,books/symbolic-language/30-lucifers-declared-plan.adoc,77,77,Fix sentence starting with And.,books/symbolic-language/editorial-review/2026-07-11-phase-9-grok-full-book/patches/MEAT-9302.diff,books/symbolic-language/editorial-review/2026-07-11-phase-9-grok-full-book/previews/MEAT-9302.md,P9-C001,591cb45b9133868b,,,,
MEAT-9303,pending,localized,sentence-open,high,books/symbolic-language/30-lucifers-declared-plan.adoc,80,80,Fix sentence starting with That.,books/symbolic-language/editorial-review/2026-07-11-phase-9-grok-full-book/patches/MEAT-9303.diff,books/symbolic-language/editorial-review/2026-07-11-phase-9-grok-full-book/previews/MEAT-9303.md,P9-C001,4edb665db918494b,,,,
MEAT-9304,pending,localized,sentence-open,high,books/symbolic-language/30-lucifers-declared-plan.adoc,89,89,Fix sentence starting with And; capitalize for sentence start.,books/symbolic-language/editorial-review/2026-07-11-phase-9-grok-full-book/patches/MEAT-9304.diff,books/symbolic-language/editorial-review/2026-07-11-phase-9-grok-full-book/previews/MEAT-9304.md,P9-C001,7609716513706023,,,,
MEAT-9305,pending,localized,sentence-open,high,books/symbolic-language/30-lucifers-declared-plan.adoc,103,103,Fix sentence starting with And.,books/symbolic-language/editorial-review/2026-07-11-phase-9-grok-full-book/patches/MEAT-9305.diff,books/symbolic-language/editorial-review/2026-07-11-phase-9-grok-full-book/previews/MEAT-9305.md,P9-C001,a1c5798082857a10,,,,
MEAT-9306,pending,localized,sentence-open,high,books/symbolic-language/30-lucifers-declared-plan.adoc,106,106,Fix sentence starting with But; preserve contrast with Yet.,books/symbolic-language/editorial-review/2026-07-11-phase-9-grok-full-book/patches/MEAT-9306.diff,books/symbolic-language/editorial-review/2026-07-11-phase-9-grok-full-book/previews/MEAT-9306.md,P9-C001,a764ee5b65e09f41,,,,
MEAT-9307,pending,localized,sentence-open,medium,books/symbolic-language/31-the-pearl.adoc,25,25,Remove leading And from author prose.,books/symbolic-language/editorial-review/2026-07-11-phase-9-grok-full-book/patches/MEAT-9307.diff,books/symbolic-language/editorial-review/2026-07-11-phase-9-grok-full-book/previews/MEAT-9307.md,P9-C001,8202f7ffa0426779,,,,
MEAT-9308,pending,localized,sentence-open,medium,books/symbolic-language/31-the-pearl.adoc,91,91,Remove leading And from author prose.,books/symbolic-language/editorial-review/2026-07-11-phase-9-grok-full-book/patches/MEAT-9308.diff,books/symbolic-language/editorial-review/2026-07-11-phase-9-grok-full-book/previews/MEAT-9308.md,P9-C001,c0c7bc648af46428,,,,
MEAT-9309,pending,localized,sentence-open,medium,books/symbolic-language/31-the-pearl.adoc,98,98,Remove leading And from author prose.,books/symbolic-language/editorial-review/2026-07-11-phase-9-grok-full-book/patches/MEAT-9309.diff,books/symbolic-language/editorial-review/2026-07-11-phase-9-grok-full-book/previews/MEAT-9309.md,P9-C001,95d80a3b6d8387f9,,,,
MEAT-9310,pending,localized,sentence-open,medium,books/symbolic-language/31-the-pearl.adoc,102,102,Remove leading And and capitalize sentence start.,books/symbolic-language/editorial-review/2026-07-11-phase-9-grok-full-book/patches/MEAT-9310.diff,books/symbolic-language/editorial-review/2026-07-11-phase-9-grok-full-book/previews/MEAT-9310.md,P9-C001,03b93dcacbf06708,,,,
MEAT-9311,pending,localized,sentence-open,medium,books/symbolic-language/31-the-pearl.adoc,107,107,Remove leading And from author prose.,books/symbolic-language/editorial-review/2026-07-11-phase-9-grok-full-book/patches/MEAT-9311.diff,books/symbolic-language/editorial-review/2026-07-11-phase-9-grok-full-book/previews/MEAT-9311.md,P9-C001,796262d2d89fa4bc,,,,
MEAT-9312,pending,localized,sentence-open,medium,books/symbolic-language/31-the-pearl.adoc,126,126,Replace leading That with This.,books/symbolic-language/editorial-review/2026-07-11-phase-9-grok-full-book/patches/MEAT-9312.diff,books/symbolic-language/editorial-review/2026-07-11-phase-9-grok-full-book/previews/MEAT-9312.md,P9-C001,cdbadb33f0a40192,,,,
MEAT-9313,pending,localized,grammar,medium,books/symbolic-language/31-the-pearl.adoc,116,116,Insert missing relative that before the bench clause.,books/symbolic-language/editorial-review/2026-07-11-phase-9-grok-full-book/patches/MEAT-9313.diff,books/symbolic-language/editorial-review/2026-07-11-phase-9-grok-full-book/previews/MEAT-9313.md,P9-C001,f26e6ab5d8b42cff,,,,
MEAT-9314,pending,localized,ai-sounding-staging,high,books/symbolic-language/31-the-pearl.adoc,149,149,Remove director cue Mark.,books/symbolic-language/editorial-review/2026-07-11-phase-9-grok-full-book/patches/MEAT-9314.diff,books/symbolic-language/editorial-review/2026-07-11-phase-9-grok-full-book/previews/MEAT-9314.md,P9-C001,f67f9386318ecf02,,,,
MEAT-9315,pending,localized,ai-sounding-staging,high,books/symbolic-language/31-the-pearl.adoc,163,163,Remove Now ask staging.,books/symbolic-language/editorial-review/2026-07-11-phase-9-grok-full-book/patches/MEAT-9315.diff,books/symbolic-language/editorial-review/2026-07-11-phase-9-grok-full-book/previews/MEAT-9315.md,P9-C001,3418add8dbe653b2,,,,
MEAT-9316,pending,localized,sentence-open,medium,books/symbolic-language/31-the-pearl.adoc,167,167,Drop sentence-initial And.,books/symbolic-language/editorial-review/2026-07-11-phase-9-grok-full-book/patches/MEAT-9316.diff,books/symbolic-language/editorial-review/2026-07-11-phase-9-grok-full-book/previews/MEAT-9316.md,P9-C001,c38b897f46b5c7cb,,,,
MEAT-9317,pending,localized,clarity,medium,books/symbolic-language/31-the-pearl.adoc,169,169,Insert missing relative that.,books/symbolic-language/editorial-review/2026-07-11-phase-9-grok-full-book/patches/MEAT-9317.diff,books/symbolic-language/editorial-review/2026-07-11-phase-9-grok-full-book/previews/MEAT-9317.md,P9-C001,7dcddc4e6195a94f,,,,
MEAT-9318,pending,localized,ai-sounding-staging,high,books/symbolic-language/31-the-pearl.adoc,216,216,Remove Now hear director cue.,books/symbolic-language/editorial-review/2026-07-11-phase-9-grok-full-book/patches/MEAT-9318.diff,books/symbolic-language/editorial-review/2026-07-11-phase-9-grok-full-book/previews/MEAT-9318.md,P9-C001,fdf1ac8de3fe763b,,,,
MEAT-9319,pending,localized,clarity,medium,books/symbolic-language/31-the-pearl.adoc,225,225,Drop And and repair incomplete hour clause.,books/symbolic-language/editorial-review/2026-07-11-phase-9-grok-full-book/patches/MEAT-9319.diff,books/symbolic-language/editorial-review/2026-07-11-phase-9-grok-full-book/previews/MEAT-9319.md,P9-C001,b682931ae94832c0,,,,
MEAT-9320,pending,localized,ai-sounding-staging,high,books/symbolic-language/31-the-pearl.adoc,241,241,Remove Now set staging.,books/symbolic-language/editorial-review/2026-07-11-phase-9-grok-full-book/patches/MEAT-9320.diff,books/symbolic-language/editorial-review/2026-07-11-phase-9-grok-full-book/previews/MEAT-9320.md,P9-C001,b136a6fd83654e3d,,,,
MEAT-9321,pending,localized,ai-sounding-staging,high,books/symbolic-language/31-the-pearl.adoc,265,265,Remove Mark the last word cue.,books/symbolic-language/editorial-review/2026-07-11-phase-9-grok-full-book/patches/MEAT-9321.diff,books/symbolic-language/editorial-review/2026-07-11-phase-9-grok-full-book/previews/MEAT-9321.md,P9-C001,52239c28feed4233,,,,
MEAT-9322,pending,localized,grammar,high,books/symbolic-language/31-the-pearl.adoc,294,294,Corrects mismatched “neither does” after an affirmative verb phrase.,books/symbolic-language/editorial-review/2026-07-11-phase-9-grok-full-book/patches/MEAT-9322.diff,books/symbolic-language/editorial-review/2026-07-11-phase-9-grok-full-book/previews/MEAT-9322.md,P9-C001,375a0c04490ae908,,,,
MEAT-9323,pending,localized,sentence-open,medium,books/symbolic-language/31-the-pearl.adoc,321,321,Removes sentence-initial And in author prose.,books/symbolic-language/editorial-review/2026-07-11-phase-9-grok-full-book/patches/MEAT-9323.diff,books/symbolic-language/editorial-review/2026-07-11-phase-9-grok-full-book/previews/MEAT-9323.md,P9-C001,e22c6de8d6bc3877,,,,
MEAT-9324,pending,localized,ai-sounding-staging,high,books/symbolic-language/32-the-sabbath.adoc,13,13,Remove rhetorical Ask staging; assert the common claim directly.,books/symbolic-language/editorial-review/2026-07-11-phase-9-grok-full-book/patches/MEAT-9324.diff,books/symbolic-language/editorial-review/2026-07-11-phase-9-grok-full-book/previews/MEAT-9324.md,P9-C001,bb6c53bb1b15ffb6,,,,
MEAT-9325,pending,localized,sentence-open,high,books/symbolic-language/32-the-sabbath.adoc,14,14,Fix But-open and drop watch cue.,books/symbolic-language/editorial-review/2026-07-11-phase-9-grok-full-book/patches/MEAT-9325.diff,books/symbolic-language/editorial-review/2026-07-11-phase-9-grok-full-book/previews/MEAT-9325.md,P9-C001,525896fc4303484b,,,,
MEAT-9326,pending,localized,ai-sounding-staging,high,books/symbolic-language/32-the-sabbath.adoc,90,90,Drop Now director cue.,books/symbolic-language/editorial-review/2026-07-11-phase-9-grok-full-book/patches/MEAT-9326.diff,books/symbolic-language/editorial-review/2026-07-11-phase-9-grok-full-book/previews/MEAT-9326.md,P9-C001,e440465c7fc40415,,,,
MEAT-9327,pending,localized,sentence-open,high,books/symbolic-language/32-the-sabbath.adoc,102,102,Remove And sentence open.,books/symbolic-language/editorial-review/2026-07-11-phase-9-grok-full-book/patches/MEAT-9327.diff,books/symbolic-language/editorial-review/2026-07-11-phase-9-grok-full-book/previews/MEAT-9327.md,P9-C001,b8d06aeefe7e4f2c,,,,
MEAT-9328,pending,localized,sentence-open,high,books/symbolic-language/33-time-tested-tradition.adoc,15,15,Remove prohibited sentence-initial But in author prose.,books/symbolic-language/editorial-review/2026-07-11-phase-9-grok-full-book/patches/MEAT-9328.diff,books/symbolic-language/editorial-review/2026-07-11-phase-9-grok-full-book/previews/MEAT-9328.md,P9-C001,70f9f085debe1a88,,,,
MEAT-9329,pending,localized,clarity,medium,books/symbolic-language/33-time-tested-tradition.adoc,19,19,Repair awkward “puts a Monday crucifixion” phrasing.,books/symbolic-language/editorial-review/2026-07-11-phase-9-grok-full-book/patches/MEAT-9329.diff,books/symbolic-language/editorial-review/2026-07-11-phase-9-grok-full-book/previews/MEAT-9329.md,P9-C001,84a799fa527e161e,,,,
MEAT-9330,pending,localized,sentence-open,high,books/symbolic-language/33-time-tested-tradition.adoc,39,39,Remove prohibited sentence-initial And.,books/symbolic-language/editorial-review/2026-07-11-phase-9-grok-full-book/patches/MEAT-9330.diff,books/symbolic-language/editorial-review/2026-07-11-phase-9-grok-full-book/previews/MEAT-9330.md,P9-C001,07a3ff33a9cc7d2e,,,,
MEAT-9331,pending,localized,ai-sounding-staging,high,books/symbolic-language/33-time-tested-tradition.adoc,43,43,Eliminate second “weigh” director cue.,books/symbolic-language/editorial-review/2026-07-11-phase-9-grok-full-book/patches/MEAT-9331.diff,books/symbolic-language/editorial-review/2026-07-11-phase-9-grok-full-book/previews/MEAT-9331.md,P9-C001,61ad2c5eb779dcdb,,,,
MEAT-9332,pending,localized,grammar,high,books/symbolic-language/33-time-tested-tradition.adoc,48,48,Fix comma splice after “winners.”,books/symbolic-language/editorial-review/2026-07-11-phase-9-grok-full-book/patches/MEAT-9332.diff,books/symbolic-language/editorial-review/2026-07-11-phase-9-grok-full-book/previews/MEAT-9332.md,P9-C001,66e6105cce8dcfa6,,,,
MEAT-9333,pending,localized,sentence-open,high,books/symbolic-language/33-time-tested-tradition.adoc,50,50,Remove prohibited sentence-initial That.,books/symbolic-language/editorial-review/2026-07-11-phase-9-grok-full-book/patches/MEAT-9333.diff,books/symbolic-language/editorial-review/2026-07-11-phase-9-grok-full-book/previews/MEAT-9333.md,P9-C001,c221459df9115773,,,,
MEAT-9334,pending,localized,sentence-open,high,books/symbolic-language/33-time-tested-tradition.adoc,56,56,Remove prohibited sentence-initial And before the Genesis claim.,books/symbolic-language/editorial-review/2026-07-11-phase-9-grok-full-book/patches/MEAT-9334.diff,books/symbolic-language/editorial-review/2026-07-11-phase-9-grok-full-book/previews/MEAT-9334.md,P9-C001,0a5dc554b4c93308,,,,
MEAT-9335,pending,localized,sentence-open,high,books/symbolic-language/34-the-four-winds.adoc,46,46,Remove prohibited sentence-initial And.,books/symbolic-language/editorial-review/2026-07-11-phase-9-grok-full-book/patches/MEAT-9335.diff,books/symbolic-language/editorial-review/2026-07-11-phase-9-grok-full-book/previews/MEAT-9335.md,P9-C001,68333d759558609a,,,,
MEAT-9336,pending,localized,grammar,high,books/symbolic-language/34-the-four-winds.adoc,96,96,Insert missing relative pronoun.,books/symbolic-language/editorial-review/2026-07-11-phase-9-grok-full-book/patches/MEAT-9336.diff,books/symbolic-language/editorial-review/2026-07-11-phase-9-grok-full-book/previews/MEAT-9336.md,P9-C001,fa553ef15478e5c6,,,,
MEAT-9337,pending,localized,ai-sounding-staging,high,books/symbolic-language/34-the-four-winds.adoc,116,116,Remove director cue and And-start; assert the remnant identification.,books/symbolic-language/editorial-review/2026-07-11-phase-9-grok-full-book/patches/MEAT-9337.diff,books/symbolic-language/editorial-review/2026-07-11-phase-9-grok-full-book/previews/MEAT-9337.md,P9-C001,8a16e1424e9b082f,,,,
MEAT-9338,pending,localized,ai-sounding-staging,high,books/symbolic-language/34-the-four-winds.adoc,131,131,Remove director “mark” cue and And-start.,books/symbolic-language/editorial-review/2026-07-11-phase-9-grok-full-book/patches/MEAT-9338.diff,books/symbolic-language/editorial-review/2026-07-11-phase-9-grok-full-book/previews/MEAT-9338.md,P9-C001,88d762d5ff76a558,,,,
MEAT-9339,pending,localized,bad-metaphor,medium,books/symbolic-language/34-the-four-winds.adoc,109,109,Replace marriage idiom with direct join.,books/symbolic-language/editorial-review/2026-07-11-phase-9-grok-full-book/patches/MEAT-9339.diff,books/symbolic-language/editorial-review/2026-07-11-phase-9-grok-full-book/previews/MEAT-9339.md,P9-C001,5408d941884e9dcb,,,,
MEAT-9340,pending,localized,ai-sounding-staging,high,books/symbolic-language/35-the-fall-of-babylon.adoc,57,57,Remove director cue Mark.,books/symbolic-language/editorial-review/2026-07-11-phase-9-grok-full-book/patches/MEAT-9340.diff,books/symbolic-language/editorial-review/2026-07-11-phase-9-grok-full-book/previews/MEAT-9340.md,P9-C001,25a3b0bae3212857,,,,
MEAT-9341,pending,localized,sentence-open,high,books/symbolic-language/35-the-fall-of-babylon.adoc,59,59,Drop leading And in author prose.,books/symbolic-language/editorial-review/2026-07-11-phase-9-grok-full-book/patches/MEAT-9341.diff,books/symbolic-language/editorial-review/2026-07-11-phase-9-grok-full-book/previews/MEAT-9341.md,P9-C001,0187f710fe158ceb,,,,
MEAT-9342,pending,localized,sentence-open,high,books/symbolic-language/35-the-fall-of-babylon.adoc,61,61,Drop leading And in author prose.,books/symbolic-language/editorial-review/2026-07-11-phase-9-grok-full-book/patches/MEAT-9342.diff,books/symbolic-language/editorial-review/2026-07-11-phase-9-grok-full-book/previews/MEAT-9342.md,P9-C001,fa7025793f55bb1d,,,,
MEAT-9343,pending,localized,ai-sounding-staging,high,books/symbolic-language/35-the-fall-of-babylon.adoc,72,72,Remove And-watch director staging.,books/symbolic-language/editorial-review/2026-07-11-phase-9-grok-full-book/patches/MEAT-9343.diff,books/symbolic-language/editorial-review/2026-07-11-phase-9-grok-full-book/previews/MEAT-9343.md,P9-C001,ea13caf3f163bc07,,,,
MEAT-9344,pending,localized,ai-sounding-staging,high,books/symbolic-language/35-the-fall-of-babylon.adoc,119,119,Remove Mark director cue.,books/symbolic-language/editorial-review/2026-07-11-phase-9-grok-full-book/patches/MEAT-9344.diff,books/symbolic-language/editorial-review/2026-07-11-phase-9-grok-full-book/previews/MEAT-9344.md,P9-C001,5bb8a7a9532ccd30,,,,
MEAT-9345,pending,localized,bad-metaphor,medium,books/symbolic-language/35-the-fall-of-babylon.adoc,154,154,Replace modern landscaping metaphor.,books/symbolic-language/editorial-review/2026-07-11-phase-9-grok-full-book/patches/MEAT-9345.diff,books/symbolic-language/editorial-review/2026-07-11-phase-9-grok-full-book/previews/MEAT-9345.md,P9-C001,eb58861bc5d1c585,,,,
MEAT-9346,pending,localized,bad-metaphor,medium,books/symbolic-language/35-the-fall-of-babylon.adoc,158,158,Replace second landscaping metaphor.,books/symbolic-language/editorial-review/2026-07-11-phase-9-grok-full-book/patches/MEAT-9346.diff,books/symbolic-language/editorial-review/2026-07-11-phase-9-grok-full-book/previews/MEAT-9346.md,P9-C001,8544fe6be82252ba,,,,
MEAT-9347,pending,localized,ai-sounding-staging,high,books/symbolic-language/35-the-fall-of-babylon.adoc,163,163,Remove the director-cue opener “Mark the…”.,books/symbolic-language/editorial-review/2026-07-11-phase-9-grok-full-book/patches/MEAT-9347.diff,books/symbolic-language/editorial-review/2026-07-11-phase-9-grok-full-book/previews/MEAT-9347.md,P9-C001,d148767d1486d94b,,,,
MEAT-9348,pending,localized,sentence-open,medium,books/symbolic-language/35-the-fall-of-babylon.adoc,190,190,Drop sentence-initial And in author prose.,books/symbolic-language/editorial-review/2026-07-11-phase-9-grok-full-book/patches/MEAT-9348.diff,books/symbolic-language/editorial-review/2026-07-11-phase-9-grok-full-book/previews/MEAT-9348.md,P9-C001,735d851fc536f8fd,,,,
MEAT-9349,pending,localized,sentence-open,medium,books/symbolic-language/36-daniel-unsealed.adoc,37,37,Drop leading But from author prose.,books/symbolic-language/editorial-review/2026-07-11-phase-9-grok-full-book/patches/MEAT-9349.diff,books/symbolic-language/editorial-review/2026-07-11-phase-9-grok-full-book/previews/MEAT-9349.md,P9-C001,17fd7c228d2010ba,,,,
MEAT-9350,pending,localized,sentence-open,medium,books/symbolic-language/36-daniel-unsealed.adoc,71,71,Replace sentence-initial That with This.,books/symbolic-language/editorial-review/2026-07-11-phase-9-grok-full-book/patches/MEAT-9350.diff,books/symbolic-language/editorial-review/2026-07-11-phase-9-grok-full-book/previews/MEAT-9350.md,P9-C001,1463bef36d026c2f,,,,
MEAT-9351,pending,localized,sentence-open,medium,books/symbolic-language/36-daniel-unsealed.adoc,73,73,Replace sentence-initial That with This.,books/symbolic-language/editorial-review/2026-07-11-phase-9-grok-full-book/patches/MEAT-9351.diff,books/symbolic-language/editorial-review/2026-07-11-phase-9-grok-full-book/previews/MEAT-9351.md,P9-C001,44ac483e4018edda,,,,
MEAT-9352,pending,localized,sentence-open,medium,books/symbolic-language/36-daniel-unsealed.adoc,110,110,Drop leading And from author prose.,books/symbolic-language/editorial-review/2026-07-11-phase-9-grok-full-book/patches/MEAT-9352.diff,books/symbolic-language/editorial-review/2026-07-11-phase-9-grok-full-book/previews/MEAT-9352.md,P9-C001,39880ba8d1ea33a6,,,,
MEAT-9353,pending,localized,ai-sounding-staging,high,books/symbolic-language/36-daniel-unsealed.adoc,151,151,Replace director cue with plain assertion.,books/symbolic-language/editorial-review/2026-07-11-phase-9-grok-full-book/patches/MEAT-9353.diff,books/symbolic-language/editorial-review/2026-07-11-phase-9-grok-full-book/previews/MEAT-9353.md,P9-C001,19bf4d2866dd1aa3,,,,
MEAT-9354,pending,localized,ai-sounding-staging,medium,books/symbolic-language/36-daniel-unsealed.adoc,180,180,Strip Now from the counting cue.,books/symbolic-language/editorial-review/2026-07-11-phase-9-grok-full-book/patches/MEAT-9354.diff,books/symbolic-language/editorial-review/2026-07-11-phase-9-grok-full-book/previews/MEAT-9354.md,P9-C001,d4c8df42f13dec03,,,,
MEAT-9355,pending,localized,clarity,medium,books/symbolic-language/36-daniel-unsealed.adoc,163,163,Untangle the relative clause on tenses.,books/symbolic-language/editorial-review/2026-07-11-phase-9-grok-full-book/patches/MEAT-9355.diff,books/symbolic-language/editorial-review/2026-07-11-phase-9-grok-full-book/previews/MEAT-9355.md,P9-C001,2b5424311de973d8,,,,
MEAT-9356,pending,localized,readability,medium,books/symbolic-language/36-daniel-unsealed.adoc,192,192,Render the 1335 count as digits per house style.,books/symbolic-language/editorial-review/2026-07-11-phase-9-grok-full-book/patches/MEAT-9356.diff,books/symbolic-language/editorial-review/2026-07-11-phase-9-grok-full-book/previews/MEAT-9356.md,P9-C001,c87dd3354c0b170e,,,,
MEAT-9357,pending,localized,ai-sounding-staging,medium,books/symbolic-language/36-daniel-unsealed.adoc,193,193,Remove imperative staging and digitise the 490 count.,books/symbolic-language/editorial-review/2026-07-11-phase-9-grok-full-book/patches/MEAT-9357.diff,books/symbolic-language/editorial-review/2026-07-11-phase-9-grok-full-book/previews/MEAT-9357.md,P9-C001,87056f77ead4539d,,,,
MEAT-9358,pending,localized,sentence-open,high,books/symbolic-language/36-daniel-unsealed.adoc,204,204,Eliminate forbidden sentence-initial And.,books/symbolic-language/editorial-review/2026-07-11-phase-9-grok-full-book/patches/MEAT-9358.diff,books/symbolic-language/editorial-review/2026-07-11-phase-9-grok-full-book/previews/MEAT-9358.md,P9-C001,710f3abe558de429,,,,
MEAT-9359,pending,localized,sentence-open,high,books/symbolic-language/37-clouds.adoc,47,47,Remove leading And from author sentence.,books/symbolic-language/editorial-review/2026-07-11-phase-9-grok-full-book/patches/MEAT-9359.diff,books/symbolic-language/editorial-review/2026-07-11-phase-9-grok-full-book/previews/MEAT-9359.md,P9-C001,425049296133e909,,,,
MEAT-9360,pending,localized,ai-sounding-staging,high,books/symbolic-language/37-clouds.adoc,79,79,Remove director-style 'Now open' cue.,books/symbolic-language/editorial-review/2026-07-11-phase-9-grok-full-book/patches/MEAT-9360.diff,books/symbolic-language/editorial-review/2026-07-11-phase-9-grok-full-book/previews/MEAT-9360.md,P9-C001,21d4c2e54fcba02c,,,,
MEAT-9361,pending,localized,ai-sounding-staging,high,books/symbolic-language/37-clouds.adoc,106,106,Replace 'Mark the' director cue with assertive phrasing.,books/symbolic-language/editorial-review/2026-07-11-phase-9-grok-full-book/patches/MEAT-9361.diff,books/symbolic-language/editorial-review/2026-07-11-phase-9-grok-full-book/previews/MEAT-9361.md,P9-C001,1146c64c26f85aee,,,,
MEAT-9362,pending,localized,ai-sounding-staging,high,books/symbolic-language/37-clouds.adoc,118,118,Remove 'Now read' staging before the quote.,books/symbolic-language/editorial-review/2026-07-11-phase-9-grok-full-book/patches/MEAT-9362.diff,books/symbolic-language/editorial-review/2026-07-11-phase-9-grok-full-book/previews/MEAT-9362.md,P9-C001,fdd8cc72f0654bee,,,,
MEAT-9363,pending,localized,sentence-open,high,books/symbolic-language/37-clouds.adoc,126,126,Remove leading And from author sentence.,books/symbolic-language/editorial-review/2026-07-11-phase-9-grok-full-book/patches/MEAT-9363.diff,books/symbolic-language/editorial-review/2026-07-11-phase-9-grok-full-book/previews/MEAT-9363.md,P9-C001,4ae6900f731b402c,,,,
MEAT-9364,pending,localized,clarity,medium,books/symbolic-language/37-clouds.adoc,16,16,Drop dangling 'above' with no prior psalm quote.,books/symbolic-language/editorial-review/2026-07-11-phase-9-grok-full-book/patches/MEAT-9364.diff,books/symbolic-language/editorial-review/2026-07-11-phase-9-grok-full-book/previews/MEAT-9364.md,P9-C001,2472df177a1a4554,,,,
MEAT-9365,pending,localized,ai-sounding-staging,high,books/symbolic-language/38-the-moment.adoc,52,52,Remove director cue “Watch them.”,books/symbolic-language/editorial-review/2026-07-11-phase-9-grok-full-book/patches/MEAT-9365.diff,books/symbolic-language/editorial-review/2026-07-11-phase-9-grok-full-book/previews/MEAT-9365.md,P9-C001,e1a5c50bd225b550,,,,
MEAT-9366,pending,localized,ai-sounding-staging,high,books/symbolic-language/38-the-moment.adoc,53,53,Remove opening And and director “watch.”,books/symbolic-language/editorial-review/2026-07-11-phase-9-grok-full-book/patches/MEAT-9366.diff,books/symbolic-language/editorial-review/2026-07-11-phase-9-grok-full-book/previews/MEAT-9366.md,P9-C001,147485ba1dd95ffc,,,,
MEAT-9367,pending,localized,sentence-open,medium,books/symbolic-language/38-the-moment.adoc,103,103,Drop sentence-initial And.,books/symbolic-language/editorial-review/2026-07-11-phase-9-grok-full-book/patches/MEAT-9367.diff,books/symbolic-language/editorial-review/2026-07-11-phase-9-grok-full-book/previews/MEAT-9367.md,P9-C001,37a35abf7cec36c0,,,,
MEAT-9368,pending,localized,sentence-open,medium,books/symbolic-language/38-the-moment.adoc,109,109,Drop sentence-initial And.,books/symbolic-language/editorial-review/2026-07-11-phase-9-grok-full-book/patches/MEAT-9368.diff,books/symbolic-language/editorial-review/2026-07-11-phase-9-grok-full-book/previews/MEAT-9368.md,P9-C001,3475e2848a084490,,,,
MEAT-9369,pending,localized,sentence-open,medium,books/symbolic-language/38-the-moment.adoc,139,139,Drop sentence-initial And.,books/symbolic-language/editorial-review/2026-07-11-phase-9-grok-full-book/patches/MEAT-9369.diff,books/symbolic-language/editorial-review/2026-07-11-phase-9-grok-full-book/previews/MEAT-9369.md,P9-C001,21a6a9621f5428d4,,,,
MEAT-9370,pending,localized,clarity,medium,books/symbolic-language/38-the-moment.adoc,107,107,Replace incomplete “reads” with “is plain.”,books/symbolic-language/editorial-review/2026-07-11-phase-9-grok-full-book/patches/MEAT-9370.diff,books/symbolic-language/editorial-review/2026-07-11-phase-9-grok-full-book/previews/MEAT-9370.md,P9-C001,3e22e2f0c1136303,,,,
MEAT-9371,pending,localized,ai-sounding-staging,medium,books/symbolic-language/38-the-moment.adoc,119,119,Convert instructional “Take the phrase” into an assertion.,books/symbolic-language/editorial-review/2026-07-11-phase-9-grok-full-book/patches/MEAT-9371.diff,books/symbolic-language/editorial-review/2026-07-11-phase-9-grok-full-book/previews/MEAT-9371.md,P9-C001,be229da6d6b654a5,,,,
MEAT-9372,pending,localized,readability,medium,books/symbolic-language/38x-further-studies.adoc,31,31,Split the long vineyard sentence at the definition seam.,books/symbolic-language/editorial-review/2026-07-11-phase-9-grok-full-book/patches/MEAT-9372.diff,books/symbolic-language/editorial-review/2026-07-11-phase-9-grok-full-book/previews/MEAT-9372.md,P9-C001,ca2ab5ca64aabe35,,,,
MEAT-9373,pending,localized,clarity,low,books/symbolic-language/38x-further-studies.adoc,34,34,Use digits for the line count.,books/symbolic-language/editorial-review/2026-07-11-phase-9-grok-full-book/patches/MEAT-9373.diff,books/symbolic-language/editorial-review/2026-07-11-phase-9-grok-full-book/previews/MEAT-9373.md,P9-C001,66f60a803393d736,,,,
MEAT-9374,pending,localized,grammar,low,books/symbolic-language/38x-further-studies.adoc,28,28,Restore the relative pronoun for the Psalm clause.,books/symbolic-language/editorial-review/2026-07-11-phase-9-grok-full-book/patches/MEAT-9374.diff,books/symbolic-language/editorial-review/2026-07-11-phase-9-grok-full-book/previews/MEAT-9374.md,P9-C001,f43c04aa21b2fe20,,,,
MEAT-9375,pending,localized,clarity,high,books/symbolic-language/39-mountain.adoc,42,42,Fix confused “final kingdom of the statue” wording.,books/symbolic-language/editorial-review/2026-07-11-phase-9-grok-full-book/patches/MEAT-9375.diff,books/symbolic-language/editorial-review/2026-07-11-phase-9-grok-full-book/previews/MEAT-9375.md,P9-C001,1810a8bdbc76c0f7,,,,
MEAT-9376,pending,localized,sentence-open,high,books/symbolic-language/39-mountain.adoc,104,104,Remove prohibited And-opening in author prose.,books/symbolic-language/editorial-review/2026-07-11-phase-9-grok-full-book/patches/MEAT-9376.diff,books/symbolic-language/editorial-review/2026-07-11-phase-9-grok-full-book/previews/MEAT-9376.md,P9-C001,8c33a761eec48d0d,,,,
MEAT-9377,pending,localized,sentence-open,high,books/symbolic-language/39-mountain.adoc,202,202,Remove prohibited And-opening in author prose.,books/symbolic-language/editorial-review/2026-07-11-phase-9-grok-full-book/patches/MEAT-9377.diff,books/symbolic-language/editorial-review/2026-07-11-phase-9-grok-full-book/previews/MEAT-9377.md,P9-C001,86f7f677baabc19c,,,,
MEAT-9378,pending,localized,ai-sounding-staging,medium,books/symbolic-language/39-mountain.adoc,63,63,Replace presenter “See the…” with a direct claim.,books/symbolic-language/editorial-review/2026-07-11-phase-9-grok-full-book/patches/MEAT-9378.diff,books/symbolic-language/editorial-review/2026-07-11-phase-9-grok-full-book/previews/MEAT-9378.md,P9-C001,ad716ef54b6426e2,,,,
MEAT-9379,pending,localized,ai-sounding-staging,medium,books/symbolic-language/39-mountain.adoc,72,72,Drop “Now we have” staging and normalize capitalization.,books/symbolic-language/editorial-review/2026-07-11-phase-9-grok-full-book/patches/MEAT-9379.diff,books/symbolic-language/editorial-review/2026-07-11-phase-9-grok-full-book/previews/MEAT-9379.md,P9-C001,ec58fbf58931ffae,,,,
MEAT-9380,pending,localized,ai-sounding-staging,medium,books/symbolic-language/39-mountain.adoc,74,74,Replace “Consider the account” director cue.,books/symbolic-language/editorial-review/2026-07-11-phase-9-grok-full-book/patches/MEAT-9380.diff,books/symbolic-language/editorial-review/2026-07-11-phase-9-grok-full-book/previews/MEAT-9380.md,P9-C001,9bde5f09e48d6694,,,,
MEAT-9381,pending,localized,clarity,medium,books/symbolic-language/39-mountain.adoc,137,137,Split overloaded multi-dash sentence into two clear claims.,books/symbolic-language/editorial-review/2026-07-11-phase-9-grok-full-book/patches/MEAT-9381.diff,books/symbolic-language/editorial-review/2026-07-11-phase-9-grok-full-book/previews/MEAT-9381.md,P9-C001,8c980955e3a194e2,,,,
MEAT-9382,pending,localized,ai-sounding-staging,medium,books/symbolic-language/39-mountain.adoc,221,221,Strip soft staging and meta “ask ourselves.”,books/symbolic-language/editorial-review/2026-07-11-phase-9-grok-full-book/patches/MEAT-9382.diff,books/symbolic-language/editorial-review/2026-07-11-phase-9-grok-full-book/previews/MEAT-9382.md,P9-C001,876286c80ccf9a56,,,,
MEAT-9383,pending,localized,grammar,medium,books/symbolic-language/39-mountain.adoc,231,231,Supply the missing article before island.,books/symbolic-language/editorial-review/2026-07-11-phase-9-grok-full-book/patches/MEAT-9383.diff,books/symbolic-language/editorial-review/2026-07-11-phase-9-grok-full-book/previews/MEAT-9383.md,P9-C001,fb1df71023070a40,,,,
MEAT-9384,pending,localized,ai-sounding-staging,low,books/symbolic-language/39-mountain.adoc,240,240,Replace residual “Here we see” cue.,books/symbolic-language/editorial-review/2026-07-11-phase-9-grok-full-book/patches/MEAT-9384.diff,books/symbolic-language/editorial-review/2026-07-11-phase-9-grok-full-book/previews/MEAT-9384.md,P9-C001,3d282a1c25f544be,,,,
MEAT-9385,pending,localized,tone-register,low,books/symbolic-language/39-mountain.adoc,241,241,Drop the hedging “likely.”,books/symbolic-language/editorial-review/2026-07-11-phase-9-grok-full-book/patches/MEAT-9385.diff,books/symbolic-language/editorial-review/2026-07-11-phase-9-grok-full-book/previews/MEAT-9385.md,P9-C001,63042145a1446717,,,,
MEAT-9386,pending,localized,ai-sounding-staging,medium,books/symbolic-language/39-mountain.adoc,243,243,Cut “By now you should see the pattern” staging.,books/symbolic-language/editorial-review/2026-07-11-phase-9-grok-full-book/patches/MEAT-9386.diff,books/symbolic-language/editorial-review/2026-07-11-phase-9-grok-full-book/previews/MEAT-9386.md,P9-C001,3aa147ebfe63067a,,,,
MEAT-9387,pending,localized,grammar,medium,books/symbolic-language/40-sea-and-waters.adoc,14,14,Turn the hanging list into a complete sentence.,books/symbolic-language/editorial-review/2026-07-11-phase-9-grok-full-book/patches/MEAT-9387.diff,books/symbolic-language/editorial-review/2026-07-11-phase-9-grok-full-book/previews/MEAT-9387.md,P9-C001,4c4436d9206a8618,,,,
MEAT-9388,pending,localized,sentence-open,high,books/symbolic-language/40-sea-and-waters.adoc,41,41,Remove sentence-initial But.,books/symbolic-language/editorial-review/2026-07-11-phase-9-grok-full-book/patches/MEAT-9388.diff,books/symbolic-language/editorial-review/2026-07-11-phase-9-grok-full-book/previews/MEAT-9388.md,P9-C001,4dae31716efbe2b0,,,,
MEAT-9389,pending,localized,ai-sounding-staging,high,books/symbolic-language/40-sea-and-waters.adoc,46,46,Remove the cue “Watch.”,books/symbolic-language/editorial-review/2026-07-11-phase-9-grok-full-book/patches/MEAT-9389.diff,books/symbolic-language/editorial-review/2026-07-11-phase-9-grok-full-book/previews/MEAT-9389.md,P9-C001,ca3297b1535856a1,,,,
MEAT-9390,pending,localized,grammar,medium,books/symbolic-language/40-sea-and-waters.adoc,71,71,Fix object case: they → them.,books/symbolic-language/editorial-review/2026-07-11-phase-9-grok-full-book/patches/MEAT-9390.diff,books/symbolic-language/editorial-review/2026-07-11-phase-9-grok-full-book/previews/MEAT-9390.md,P9-C001,24c8e0bc240c66f3,,,,
MEAT-9391,pending,localized,sentence-open,high,books/symbolic-language/40-sea-and-waters.adoc,121,121,Remove sentence-initial And.,books/symbolic-language/editorial-review/2026-07-11-phase-9-grok-full-book/patches/MEAT-9391.diff,books/symbolic-language/editorial-review/2026-07-11-phase-9-grok-full-book/previews/MEAT-9391.md,P9-C001,6810e2dd0f4533bd,,,,
MEAT-9392,pending,localized,sentence-open,high,books/symbolic-language/40-sea-and-waters.adoc,130,130,Remove sentence-initial That.,books/symbolic-language/editorial-review/2026-07-11-phase-9-grok-full-book/patches/MEAT-9392.diff,books/symbolic-language/editorial-review/2026-07-11-phase-9-grok-full-book/previews/MEAT-9392.md,P9-C001,1fd3d696179d36c7,,,,
MEAT-9393,pending,localized,sentence-open,high,books/symbolic-language/40-sea-and-waters.adoc,198,198,Remove sentence-initial And.,books/symbolic-language/editorial-review/2026-07-11-phase-9-grok-full-book/patches/MEAT-9393.diff,books/symbolic-language/editorial-review/2026-07-11-phase-9-grok-full-book/previews/MEAT-9393.md,P9-C001,56d0874c0e95ae97,,,,
MEAT-9394,pending,localized,ai-sounding-staging,high,books/symbolic-language/40-sea-and-waters.adoc,240,240,Remove director cue 'Mark the phrase'.,books/symbolic-language/editorial-review/2026-07-11-phase-9-grok-full-book/patches/MEAT-9394.diff,books/symbolic-language/editorial-review/2026-07-11-phase-9-grok-full-book/previews/MEAT-9394.md,P9-C001,6e32a6bea3074076,,,,
MEAT-9395,pending,localized,ai-sounding-staging,high,books/symbolic-language/40-sea-and-waters.adoc,244,244,Drop the director cue 'Now run'.,books/symbolic-language/editorial-review/2026-07-11-phase-9-grok-full-book/patches/MEAT-9395.diff,books/symbolic-language/editorial-review/2026-07-11-phase-9-grok-full-book/previews/MEAT-9395.md,P9-C001,72c21bdfabffa7cb,,,,
MEAT-9396,pending,localized,sentence-open,medium,books/symbolic-language/40-sea-and-waters.adoc,246,246,Author prose must not open with And.,books/symbolic-language/editorial-review/2026-07-11-phase-9-grok-full-book/patches/MEAT-9396.diff,books/symbolic-language/editorial-review/2026-07-11-phase-9-grok-full-book/previews/MEAT-9396.md,P9-C001,76e6d6abb322740e,,,,
MEAT-9397,pending,localized,sentence-open,medium,books/symbolic-language/40-sea-and-waters.adoc,288,288,Author prose must not open with But.,books/symbolic-language/editorial-review/2026-07-11-phase-9-grok-full-book/patches/MEAT-9397.diff,books/symbolic-language/editorial-review/2026-07-11-phase-9-grok-full-book/previews/MEAT-9397.md,P9-C001,ff6ce3012e91c5e1,,,,
MEAT-9398,pending,localized,sentence-open,high,books/symbolic-language/40-sea-and-waters.adoc,330,330,Author prose must not open with That.,books/symbolic-language/editorial-review/2026-07-11-phase-9-grok-full-book/patches/MEAT-9398.diff,books/symbolic-language/editorial-review/2026-07-11-phase-9-grok-full-book/previews/MEAT-9398.md,P9-C001,be9c3411807e46b4,,,,
MEAT-9399,pending,localized,ai-sounding-staging,high,books/symbolic-language/40-sea-and-waters.adoc,339,339,Remove director cue 'Notice the flag'.,books/symbolic-language/editorial-review/2026-07-11-phase-9-grok-full-book/patches/MEAT-9399.diff,books/symbolic-language/editorial-review/2026-07-11-phase-9-grok-full-book/previews/MEAT-9399.md,P9-C001,bc0bc79eddf49092,,,,
MEAT-9400,pending,localized,ai-sounding-staging,high,books/symbolic-language/40-sea-and-waters.adoc,383,383,Remove 'Now listen' and 'watch' director cues.,books/symbolic-language/editorial-review/2026-07-11-phase-9-grok-full-book/patches/MEAT-9400.diff,books/symbolic-language/editorial-review/2026-07-11-phase-9-grok-full-book/previews/MEAT-9400.md,P9-C001,149c189b49c8b0a6,,,,
MEAT-9401,pending,localized,ai-sounding-staging,high,books/symbolic-language/40-sea-and-waters.adoc,391,391,Cut meta-talk about reader habits.,books/symbolic-language/editorial-review/2026-07-11-phase-9-grok-full-book/patches/MEAT-9401.diff,books/symbolic-language/editorial-review/2026-07-11-phase-9-grok-full-book/previews/MEAT-9401.md,P9-C001,bb63aac6b3356651,,,,
MEAT-9402,pending,localized,ai-sounding-staging,high,books/symbolic-language/40-sea-and-waters.adoc,457,457,Remove And-open and director cue “mark for now.”,books/symbolic-language/editorial-review/2026-07-11-phase-9-grok-full-book/patches/MEAT-9402.diff,books/symbolic-language/editorial-review/2026-07-11-phase-9-grok-full-book/previews/MEAT-9402.md,P9-C001,798f3a746c01aa61,,,,
MEAT-9403,pending,localized,ai-sounding-staging,high,books/symbolic-language/40-sea-and-waters.adoc,481,482,Strip dual “Notice” director cues and And-open.,books/symbolic-language/editorial-review/2026-07-11-phase-9-grok-full-book/patches/MEAT-9403.diff,books/symbolic-language/editorial-review/2026-07-11-phase-9-grok-full-book/previews/MEAT-9403.md,P9-C001,5bb75c973efe56ff,,,,
MEAT-9404,pending,localized,ai-sounding-staging,high,books/symbolic-language/40-sea-and-waters.adoc,501,501,Replace “Now run” presenter cue with assertion.,books/symbolic-language/editorial-review/2026-07-11-phase-9-grok-full-book/patches/MEAT-9404.diff,books/symbolic-language/editorial-review/2026-07-11-phase-9-grok-full-book/previews/MEAT-9404.md,P9-C001,688b77a9b86fefbc,,,,
MEAT-9405,pending,localized,ai-sounding-staging,high,books/symbolic-language/40-sea-and-waters.adoc,504,504,Remove And-open and “listen to” cue.,books/symbolic-language/editorial-review/2026-07-11-phase-9-grok-full-book/patches/MEAT-9405.diff,books/symbolic-language/editorial-review/2026-07-11-phase-9-grok-full-book/previews/MEAT-9405.md,P9-C001,866ad972970bde90,,,,
MEAT-9406,pending,localized,sentence-open,high,books/symbolic-language/40-sea-and-waters.adoc,557,557,Eliminate sentence-initial That.,books/symbolic-language/editorial-review/2026-07-11-phase-9-grok-full-book/patches/MEAT-9406.diff,books/symbolic-language/editorial-review/2026-07-11-phase-9-grok-full-book/previews/MEAT-9406.md,P9-C001,525b11bdcc045b4d,,,,
MEAT-9407,pending,localized,sentence-open,medium,books/symbolic-language/40-sea-and-waters.adoc,517,517,Drop forbidden And-open.,books/symbolic-language/editorial-review/2026-07-11-phase-9-grok-full-book/patches/MEAT-9407.diff,books/symbolic-language/editorial-review/2026-07-11-phase-9-grok-full-book/previews/MEAT-9407.md,P9-C001,fd284e1ce3409fba,,,,
MEAT-9408,pending,localized,sentence-open,medium,books/symbolic-language/40-sea-and-waters.adoc,559,559,Drop forbidden And-open.,books/symbolic-language/editorial-review/2026-07-11-phase-9-grok-full-book/patches/MEAT-9408.diff,books/symbolic-language/editorial-review/2026-07-11-phase-9-grok-full-book/previews/MEAT-9408.md,P9-C001,1a3aa45c4dbbf17b,,,,
MEAT-9409,pending,localized,sentence-open,medium,books/symbolic-language/40-sea-and-waters.adoc,569,569,Drop forbidden But-open.,books/symbolic-language/editorial-review/2026-07-11-phase-9-grok-full-book/patches/MEAT-9409.diff,books/symbolic-language/editorial-review/2026-07-11-phase-9-grok-full-book/previews/MEAT-9409.md,P9-C001,4cebe185e5a440a3,,,,
MEAT-9410,pending,localized,sentence-open,medium,books/symbolic-language/40-sea-and-waters.adoc,597,597,Drop leading And in author prose.,books/symbolic-language/editorial-review/2026-07-11-phase-9-grok-full-book/patches/MEAT-9410.diff,books/symbolic-language/editorial-review/2026-07-11-phase-9-grok-full-book/previews/MEAT-9410.md,P9-C001,0ec9405efc0b0fff,,,,
MEAT-9411,pending,localized,ai-sounding-staging,high,books/symbolic-language/40-sea-and-waters.adoc,600,600,Remove director cue 'watch the'.,books/symbolic-language/editorial-review/2026-07-11-phase-9-grok-full-book/patches/MEAT-9411.diff,books/symbolic-language/editorial-review/2026-07-11-phase-9-grok-full-book/previews/MEAT-9411.md,P9-C001,3ac9140f3f4a2b9b,,,,
MEAT-9412,pending,localized,grammar,high,books/symbolic-language/40-sea-and-waters.adoc,609,609,Insert missing relative 'that'.,books/symbolic-language/editorial-review/2026-07-11-phase-9-grok-full-book/patches/MEAT-9412.diff,books/symbolic-language/editorial-review/2026-07-11-phase-9-grok-full-book/previews/MEAT-9412.md,P9-C001,7b11f82ceb82f604,,,,
MEAT-9413,pending,localized,readability,medium,books/symbolic-language/40-sea-and-waters.adoc,614,614,Render the count as digits.,books/symbolic-language/editorial-review/2026-07-11-phase-9-grok-full-book/patches/MEAT-9413.diff,books/symbolic-language/editorial-review/2026-07-11-phase-9-grok-full-book/previews/MEAT-9413.md,P9-C001,99e3c4a22cd1c568,,,,
MEAT-9414,pending,localized,ai-sounding-staging,medium,books/symbolic-language/40-sea-and-waters.adoc,624,624,Replace closing-stage cue with plain claim.,books/symbolic-language/editorial-review/2026-07-11-phase-9-grok-full-book/patches/MEAT-9414.diff,books/symbolic-language/editorial-review/2026-07-11-phase-9-grok-full-book/previews/MEAT-9414.md,P9-C001,66c83d29494a6aa1,,,,
MEAT-9415,pending,localized,ai-sounding-staging,high,books/symbolic-language/40-sea-and-waters.adoc,636,636,Strip 'simply note that' director cue.,books/symbolic-language/editorial-review/2026-07-11-phase-9-grok-full-book/patches/MEAT-9415.diff,books/symbolic-language/editorial-review/2026-07-11-phase-9-grok-full-book/previews/MEAT-9415.md,P9-C001,f5a3ffdc8ad2400c,,,,
MEAT-9416,pending,localized,ai-sounding-staging,high,books/symbolic-language/40-sea-and-waters.adoc,642,642,Replace coaching meta-talk with assertive claim.,books/symbolic-language/editorial-review/2026-07-11-phase-9-grok-full-book/patches/MEAT-9416.diff,books/symbolic-language/editorial-review/2026-07-11-phase-9-grok-full-book/previews/MEAT-9416.md,P9-C001,4f6241778a941c79,,,,
MEAT-9417,pending,localized,sentence-open,medium,books/symbolic-language/40-sea-and-waters.adoc,647,647,Drop leading And in author prose.,books/symbolic-language/editorial-review/2026-07-11-phase-9-grok-full-book/patches/MEAT-9417.diff,books/symbolic-language/editorial-review/2026-07-11-phase-9-grok-full-book/previews/MEAT-9417.md,P9-C001,ee919b81162e7aea,,,,
MEAT-9418,pending,localized,sentence-open,medium,books/symbolic-language/41-trees.adoc,73,73,Strip banned And-opener in author prose.,books/symbolic-language/editorial-review/2026-07-11-phase-9-grok-full-book/patches/MEAT-9418.diff,books/symbolic-language/editorial-review/2026-07-11-phase-9-grok-full-book/previews/MEAT-9418.md,P9-C001,49daa7297aec4bd0,,,,
MEAT-9419,pending,localized,sentence-open,medium,books/symbolic-language/41-trees.adoc,90,90,Strip banned And-opener in author prose.,books/symbolic-language/editorial-review/2026-07-11-phase-9-grok-full-book/patches/MEAT-9419.diff,books/symbolic-language/editorial-review/2026-07-11-phase-9-grok-full-book/previews/MEAT-9419.md,P9-C001,e4f45f0320edeb22,,,,
MEAT-9420,pending,localized,sentence-open,medium,books/symbolic-language/41-trees.adoc,96,96,Strip banned And-opener in author prose.,books/symbolic-language/editorial-review/2026-07-11-phase-9-grok-full-book/patches/MEAT-9420.diff,books/symbolic-language/editorial-review/2026-07-11-phase-9-grok-full-book/previews/MEAT-9420.md,P9-C001,5dbc740e7d42f9fb,,,,
MEAT-9421,pending,localized,sentence-open,medium,books/symbolic-language/41-trees.adoc,101,101,Strip banned And-opener in author prose.,books/symbolic-language/editorial-review/2026-07-11-phase-9-grok-full-book/patches/MEAT-9421.diff,books/symbolic-language/editorial-review/2026-07-11-phase-9-grok-full-book/previews/MEAT-9421.md,P9-C001,05a6441a05f6ac7f,,,,
MEAT-9422,pending,localized,sentence-open,medium,books/symbolic-language/41-trees.adoc,118,118,Strip banned And-opener in author prose.,books/symbolic-language/editorial-review/2026-07-11-phase-9-grok-full-book/patches/MEAT-9422.diff,books/symbolic-language/editorial-review/2026-07-11-phase-9-grok-full-book/previews/MEAT-9422.md,P9-C001,144508fc511449aa,,,,
MEAT-9423,pending,localized,sentence-open,medium,books/symbolic-language/41-trees.adoc,139,139,Strip banned And-opener in author prose.,books/symbolic-language/editorial-review/2026-07-11-phase-9-grok-full-book/patches/MEAT-9423.diff,books/symbolic-language/editorial-review/2026-07-11-phase-9-grok-full-book/previews/MEAT-9423.md,P9-C001,c405fe5e05602535,,,,
MEAT-9424,pending,localized,ai-sounding-staging,high,books/symbolic-language/41-trees.adoc,107,108,Remove director cue and merge the redundant follow-on.,books/symbolic-language/editorial-review/2026-07-11-phase-9-grok-full-book/patches/MEAT-9424.diff,books/symbolic-language/editorial-review/2026-07-11-phase-9-grok-full-book/previews/MEAT-9424.md,P9-C001,efd3e14d819fe83b,,,,
MEAT-9425,pending,localized,grammar,high,books/symbolic-language/41-trees.adoc,167,167,Fix unclear verb and subject-complement mismatch.,books/symbolic-language/editorial-review/2026-07-11-phase-9-grok-full-book/patches/MEAT-9425.diff,books/symbolic-language/editorial-review/2026-07-11-phase-9-grok-full-book/previews/MEAT-9425.md,P9-C001,67160586827e95e3,,,,
MEAT-9426,pending,localized,ai-sounding-staging,medium,books/symbolic-language/41x-the-parable-of-the-vineyard.adoc,31,31,Removes imperative director cue 'Walk the parable'.,books/symbolic-language/editorial-review/2026-07-11-phase-9-grok-full-book/patches/MEAT-9426.diff,books/symbolic-language/editorial-review/2026-07-11-phase-9-grok-full-book/previews/MEAT-9426.md,P9-C001,7f5d33a68bf8bd56,,,,
MEAT-9427,pending,localized,ai-sounding-staging,medium,books/symbolic-language/41x-the-parable-of-the-vineyard.adoc,47,47,Removes 'Read the...' director cue.,books/symbolic-language/editorial-review/2026-07-11-phase-9-grok-full-book/patches/MEAT-9427.diff,books/symbolic-language/editorial-review/2026-07-11-phase-9-grok-full-book/previews/MEAT-9427.md,P9-C001,44680b14b2270edf,,,,
MEAT-9428,pending,localized,ai-sounding-staging,medium,books/symbolic-language/41x-the-parable-of-the-vineyard.adoc,60,60,Removes imperative 'Redraw...' staging.,books/symbolic-language/editorial-review/2026-07-11-phase-9-grok-full-book/patches/MEAT-9428.diff,books/symbolic-language/editorial-review/2026-07-11-phase-9-grok-full-book/previews/MEAT-9428.md,P9-C001,37cbc8094d8b16a6,,,,
MEAT-9429,pending,localized,ai-sounding-staging,medium,books/symbolic-language/41x-the-parable-of-the-vineyard.adoc,151,151,Converts parallel imperatives into direct assertion.,books/symbolic-language/editorial-review/2026-07-11-phase-9-grok-full-book/patches/MEAT-9429.diff,books/symbolic-language/editorial-review/2026-07-11-phase-9-grok-full-book/previews/MEAT-9429.md,P9-C001,a36d19c6eb38f298,,,,
MEAT-9430,pending,localized,clarity,medium,books/symbolic-language/41x-the-parable-of-the-vineyard.adoc,173,173,Make the referent of 'the first' explicit.,books/symbolic-language/editorial-review/2026-07-11-phase-9-grok-full-book/patches/MEAT-9430.diff,books/symbolic-language/editorial-review/2026-07-11-phase-9-grok-full-book/previews/MEAT-9430.md,P9-C001,136a4c4630f913dd,,,,
MEAT-9431,pending,localized,clarity,low,books/symbolic-language/41x-the-parable-of-the-vineyard.adoc,188,188,Mark the reduced relative clause with 'that'.,books/symbolic-language/editorial-review/2026-07-11-phase-9-grok-full-book/patches/MEAT-9431.diff,books/symbolic-language/editorial-review/2026-07-11-phase-9-grok-full-book/previews/MEAT-9431.md,P9-C001,ae7da583f879016c,,,,
MEAT-9432,pending,localized,ai-sounding-staging,high,books/symbolic-language/42-grass.adoc,71,71,Remove director cue “Mark”.,books/symbolic-language/editorial-review/2026-07-11-phase-9-grok-full-book/patches/MEAT-9432.diff,books/symbolic-language/editorial-review/2026-07-11-phase-9-grok-full-book/previews/MEAT-9432.md,P9-C001,af7373797ef1c79b,,,,
MEAT-9433,pending,localized,sentence-open,high,books/symbolic-language/42-grass.adoc,65,65,Replace sentence-initial “That” with “This”.,books/symbolic-language/editorial-review/2026-07-11-phase-9-grok-full-book/patches/MEAT-9433.diff,books/symbolic-language/editorial-review/2026-07-11-phase-9-grok-full-book/previews/MEAT-9433.md,P9-C001,db434a05ec5efa6d,,,,
MEAT-9434,pending,localized,sentence-open,high,books/symbolic-language/42-grass.adoc,86,86,Replace sentence-initial “That” with “This”.,books/symbolic-language/editorial-review/2026-07-11-phase-9-grok-full-book/patches/MEAT-9434.diff,books/symbolic-language/editorial-review/2026-07-11-phase-9-grok-full-book/previews/MEAT-9434.md,P9-C001,0f9fe9198ab6b059,,,,
MEAT-9435,pending,localized,sentence-open,high,books/symbolic-language/42-grass.adoc,108,108,Fix “That” opens in body and footnote.,books/symbolic-language/editorial-review/2026-07-11-phase-9-grok-full-book/patches/MEAT-9435.diff,books/symbolic-language/editorial-review/2026-07-11-phase-9-grok-full-book/previews/MEAT-9435.md,P9-C001,10c43b152a9ee4c6,,,,
MEAT-9436,pending,localized,clarity,medium,books/symbolic-language/42-grass.adoc,107,107,Restore missing “are” in the parallel list.,books/symbolic-language/editorial-review/2026-07-11-phase-9-grok-full-book/patches/MEAT-9436.diff,books/symbolic-language/editorial-review/2026-07-11-phase-9-grok-full-book/previews/MEAT-9436.md,P9-C001,6ce925f7183e92f9,,,,
MEAT-9437,pending,localized,sentence-open,high,books/symbolic-language/43-garments.adoc,30,30,Remove forbidden sentence-initial But.,books/symbolic-language/editorial-review/2026-07-11-phase-9-grok-full-book/patches/MEAT-9437.diff,books/symbolic-language/editorial-review/2026-07-11-phase-9-grok-full-book/previews/MEAT-9437.md,P9-C001,6f7306cd3e5d9d06,,,,
MEAT-9438,pending,localized,sentence-open,high,books/symbolic-language/43-garments.adoc,42,42,Remove forbidden sentence-initial And.,books/symbolic-language/editorial-review/2026-07-11-phase-9-grok-full-book/patches/MEAT-9438.diff,books/symbolic-language/editorial-review/2026-07-11-phase-9-grok-full-book/previews/MEAT-9438.md,P9-C001,68eca49fe707e093,,,,
MEAT-9439,pending,localized,sentence-open,high,books/symbolic-language/43-garments.adoc,56,56,Remove forbidden sentence-initial That.,books/symbolic-language/editorial-review/2026-07-11-phase-9-grok-full-book/patches/MEAT-9439.diff,books/symbolic-language/editorial-review/2026-07-11-phase-9-grok-full-book/previews/MEAT-9439.md,P9-C001,73f6293642d702a8,,,,
MEAT-9440,pending,localized,sentence-open,high,books/symbolic-language/43-garments.adoc,89,89,Remove But and residual director cue.,books/symbolic-language/editorial-review/2026-07-11-phase-9-grok-full-book/patches/MEAT-9440.diff,books/symbolic-language/editorial-review/2026-07-11-phase-9-grok-full-book/previews/MEAT-9440.md,P9-C001,dc8ea9fc695d9a21,,,,
MEAT-9441,pending,localized,sentence-open,high,books/symbolic-language/43-garments.adoc,113,113,Remove forbidden sentence-initial And.,books/symbolic-language/editorial-review/2026-07-11-phase-9-grok-full-book/patches/MEAT-9441.diff,books/symbolic-language/editorial-review/2026-07-11-phase-9-grok-full-book/previews/MEAT-9441.md,P9-C001,5f52b066173a885b,,,,
MEAT-9442,pending,localized,sentence-open,high,books/symbolic-language/43-garments.adoc,154,154,Remove forbidden sentence-initial And.,books/symbolic-language/editorial-review/2026-07-11-phase-9-grok-full-book/patches/MEAT-9442.diff,books/symbolic-language/editorial-review/2026-07-11-phase-9-grok-full-book/previews/MEAT-9442.md,P9-C001,e046d4dbb75bab52,,,,
MEAT-9443,pending,localized,ai-sounding-staging,high,books/symbolic-language/43-garments.adoc,169,169,Remove residual presenter staging.,books/symbolic-language/editorial-review/2026-07-11-phase-9-grok-full-book/patches/MEAT-9443.diff,books/symbolic-language/editorial-review/2026-07-11-phase-9-grok-full-book/previews/MEAT-9443.md,P9-C001,b687847d03f06ab4,,,,
MEAT-9444,pending,localized,tone-register,medium,books/symbolic-language/43-garments.adoc,178,178,Strip hedging meta-clause.,books/symbolic-language/editorial-review/2026-07-11-phase-9-grok-full-book/patches/MEAT-9444.diff,books/symbolic-language/editorial-review/2026-07-11-phase-9-grok-full-book/previews/MEAT-9444.md,P9-C001,3319a56f61404935,,,,
MEAT-9445,pending,localized,sentence-open,medium,books/symbolic-language/43-garments.adoc,179,179,Remove leading And.,books/symbolic-language/editorial-review/2026-07-11-phase-9-grok-full-book/patches/MEAT-9445.diff,books/symbolic-language/editorial-review/2026-07-11-phase-9-grok-full-book/previews/MEAT-9445.md,P9-C001,29737ffdb70ffdd9,,,,
MEAT-9446,pending,localized,sentence-open,medium,books/symbolic-language/43-garments.adoc,183,183,Remove leading And.,books/symbolic-language/editorial-review/2026-07-11-phase-9-grok-full-book/patches/MEAT-9446.diff,books/symbolic-language/editorial-review/2026-07-11-phase-9-grok-full-book/previews/MEAT-9446.md,P9-C001,2c6efa90bdb70e3e,,,,
MEAT-9447,pending,localized,bad-metaphor,medium,books/symbolic-language/43-garments.adoc,190,190,Drop modern retail image.,books/symbolic-language/editorial-review/2026-07-11-phase-9-grok-full-book/patches/MEAT-9447.diff,books/symbolic-language/editorial-review/2026-07-11-phase-9-grok-full-book/previews/MEAT-9447.md,P9-C001,0f56b66aaf612549,,,,
MEAT-9448,pending,localized,ai-sounding-staging,high,books/symbolic-language/43-garments.adoc,195,195,Replace director cue with assertion.,books/symbolic-language/editorial-review/2026-07-11-phase-9-grok-full-book/patches/MEAT-9448.diff,books/symbolic-language/editorial-review/2026-07-11-phase-9-grok-full-book/previews/MEAT-9448.md,P9-C001,d2eb2d5c261020e3,,,,
MEAT-9449,pending,localized,ai-sounding-staging,high,books/symbolic-language/43-garments.adoc,200,200,Remove “Now walk down” staging.,books/symbolic-language/editorial-review/2026-07-11-phase-9-grok-full-book/patches/MEAT-9449.diff,books/symbolic-language/editorial-review/2026-07-11-phase-9-grok-full-book/previews/MEAT-9449.md,P9-C001,94771be224950cef,,,,
MEAT-9450,pending,localized,sentence-open,medium,books/symbolic-language/43-garments.adoc,208,208,Replace leading But with Yet.,books/symbolic-language/editorial-review/2026-07-11-phase-9-grok-full-book/patches/MEAT-9450.diff,books/symbolic-language/editorial-review/2026-07-11-phase-9-grok-full-book/previews/MEAT-9450.md,P9-C001,29f0a8772602181b,,,,
MEAT-9451,pending,localized,sentence-open,medium,books/symbolic-language/43-garments.adoc,210,210,Remove leading And.,books/symbolic-language/editorial-review/2026-07-11-phase-9-grok-full-book/patches/MEAT-9451.diff,books/symbolic-language/editorial-review/2026-07-11-phase-9-grok-full-book/previews/MEAT-9451.md,P9-C001,39fc809d8f7dd75f,,,,
MEAT-9452,pending,localized,grammar,high,books/symbolic-language/44-the-bow.adoc,26,26,"Restore the missing parallel verb ""are.""",books/symbolic-language/editorial-review/2026-07-11-phase-9-grok-full-book/patches/MEAT-9452.diff,books/symbolic-language/editorial-review/2026-07-11-phase-9-grok-full-book/previews/MEAT-9452.md,P9-C001,ff90ade587aadb33,,,,
MEAT-9453,pending,localized,sentence-open,medium,books/symbolic-language/44-the-bow.adoc,13,13,Remove sentence-initial But.,books/symbolic-language/editorial-review/2026-07-11-phase-9-grok-full-book/patches/MEAT-9453.diff,books/symbolic-language/editorial-review/2026-07-11-phase-9-grok-full-book/previews/MEAT-9453.md,P9-C001,55822c2f850d5f00,,,,
MEAT-9454,pending,localized,ai-sounding-staging,medium,books/symbolic-language/44-the-bow.adoc,25,25,Replace the director cue with an assertion.,books/symbolic-language/editorial-review/2026-07-11-phase-9-grok-full-book/patches/MEAT-9454.diff,books/symbolic-language/editorial-review/2026-07-11-phase-9-grok-full-book/previews/MEAT-9454.md,P9-C001,1eb99a83d6851455,,,,
MEAT-9455,pending,localized,sentence-open,medium,books/symbolic-language/44-the-bow.adoc,28,28,Remove sentence-initial That.,books/symbolic-language/editorial-review/2026-07-11-phase-9-grok-full-book/patches/MEAT-9455.diff,books/symbolic-language/editorial-review/2026-07-11-phase-9-grok-full-book/previews/MEAT-9455.md,P9-C001,8facf66bcdf7303c,,,,
MEAT-9456,pending,localized,tone-register,high,books/symbolic-language/44-the-bow.adoc,51,51,Cut the meta-talk that leaves a debate open.,books/symbolic-language/editorial-review/2026-07-11-phase-9-grok-full-book/patches/MEAT-9456.diff,books/symbolic-language/editorial-review/2026-07-11-phase-9-grok-full-book/previews/MEAT-9456.md,P9-C001,81c0d452de60e565,,,,
MEAT-9457,pending,localized,sentence-open,medium,books/symbolic-language/44-the-bow.adoc,66,66,"Drop And and the director ""look what.""",books/symbolic-language/editorial-review/2026-07-11-phase-9-grok-full-book/patches/MEAT-9457.diff,books/symbolic-language/editorial-review/2026-07-11-phase-9-grok-full-book/previews/MEAT-9457.md,P9-C001,92e3300930ef879b,,,,
MEAT-9458,pending,localized,sentence-open,medium,books/symbolic-language/44-the-bow.adoc,84,84,Remove sentence-initial And.,books/symbolic-language/editorial-review/2026-07-11-phase-9-grok-full-book/patches/MEAT-9458.diff,books/symbolic-language/editorial-review/2026-07-11-phase-9-grok-full-book/previews/MEAT-9458.md,P9-C001,4998530821ba3928,,,,
MEAT-9459,pending,localized,ai-sounding-staging,high,books/symbolic-language/44-the-bow.adoc,155,155,Replace the forbidden Notice cue with an assertion.,books/symbolic-language/editorial-review/2026-07-11-phase-9-grok-full-book/patches/MEAT-9459.diff,books/symbolic-language/editorial-review/2026-07-11-phase-9-grok-full-book/previews/MEAT-9459.md,P9-C001,a5c5599610f2e999,,,,
MEAT-9460,pending,localized,factual,high,books/symbolic-language/45-jacob-israel-and-ephraim.adoc,36,36,Remove false claim that Genesis 35:10 occurs the night the name is given.,books/symbolic-language/editorial-review/2026-07-11-phase-9-grok-full-book/patches/MEAT-9460.diff,books/symbolic-language/editorial-review/2026-07-11-phase-9-grok-full-book/previews/MEAT-9460.md,P9-C001,63ddd67028c64c99,,,,
MEAT-9461,pending,localized,sentence-open,medium,books/symbolic-language/45-jacob-israel-and-ephraim.adoc,70,70,Drop sentence-initial And in author prose.,books/symbolic-language/editorial-review/2026-07-11-phase-9-grok-full-book/patches/MEAT-9461.diff,books/symbolic-language/editorial-review/2026-07-11-phase-9-grok-full-book/previews/MEAT-9461.md,P9-C001,102137327e87b2d0,,,,
MEAT-9462,pending,localized,ai-sounding-staging,medium,books/symbolic-language/45-jacob-israel-and-ephraim.adoc,96,96,Replace presenter cue with a direct assertion.,books/symbolic-language/editorial-review/2026-07-11-phase-9-grok-full-book/patches/MEAT-9462.diff,books/symbolic-language/editorial-review/2026-07-11-phase-9-grok-full-book/previews/MEAT-9462.md,P9-C001,903e40365457f888,,,,
MEAT-9463,pending,localized,ai-sounding-staging,medium,books/symbolic-language/45-jacob-israel-and-ephraim.adoc,104,104,Convert closing imperative into an assertion of the pattern.,books/symbolic-language/editorial-review/2026-07-11-phase-9-grok-full-book/patches/MEAT-9463.diff,books/symbolic-language/editorial-review/2026-07-11-phase-9-grok-full-book/previews/MEAT-9463.md,P9-C001,778324371bd0400d,,,,
MEAT-9464,pending,localized,sentence-open,medium,books/symbolic-language/45-jacob-israel-and-ephraim.adoc,148,148,Drop sentence-initial And in author prose.,books/symbolic-language/editorial-review/2026-07-11-phase-9-grok-full-book/patches/MEAT-9464.diff,books/symbolic-language/editorial-review/2026-07-11-phase-9-grok-full-book/previews/MEAT-9464.md,P9-C001,d18b5bfd26751df6,,,,
MEAT-9465,pending,localized,readability,low,books/symbolic-language/45-jacob-israel-and-ephraim.adoc,76,77,Pull the stranded citation onto the same line as the quote.,books/symbolic-language/editorial-review/2026-07-11-phase-9-grok-full-book/patches/MEAT-9465.diff,books/symbolic-language/editorial-review/2026-07-11-phase-9-grok-full-book/previews/MEAT-9465.md,P9-C001,b302af09e206c015,,,,
MEAT-9466,pending,localized,sentence-open,high,books/symbolic-language/46-foreskin.adoc,27,27,Author-prose sentence may not open with That.,books/symbolic-language/editorial-review/2026-07-11-phase-9-grok-full-book/patches/MEAT-9466.diff,books/symbolic-language/editorial-review/2026-07-11-phase-9-grok-full-book/previews/MEAT-9466.md,P9-C001,7d73e90bb6126074,,,,
MEAT-9467,pending,localized,sentence-open,high,books/symbolic-language/46-foreskin.adoc,36,36,Author-prose sentence may not open with And.,books/symbolic-language/editorial-review/2026-07-11-phase-9-grok-full-book/patches/MEAT-9467.diff,books/symbolic-language/editorial-review/2026-07-11-phase-9-grok-full-book/previews/MEAT-9467.md,P9-C001,338e11b21f3dd18a,,,,
MEAT-9468,pending,localized,ai-sounding-staging,high,books/symbolic-language/46-foreskin.adoc,64,64,Remove director-cue hedge and meta-talk.,books/symbolic-language/editorial-review/2026-07-11-phase-9-grok-full-book/patches/MEAT-9468.diff,books/symbolic-language/editorial-review/2026-07-11-phase-9-grok-full-book/previews/MEAT-9468.md,P9-C001,f527c0611b425691,,,,
MEAT-9469,pending,localized,grammar,high,books/symbolic-language/47-butter.adoc,27,27,Missing preposition after “assigns”.,books/symbolic-language/editorial-review/2026-07-11-phase-9-grok-full-book/patches/MEAT-9469.diff,books/symbolic-language/editorial-review/2026-07-11-phase-9-grok-full-book/previews/MEAT-9469.md,P9-C001,ddc8356a08311c04,,,,
MEAT-9470,pending,localized,ai-sounding-staging,high,books/symbolic-language/47-butter.adoc,63,63,Remove director cue “mark” and sentence-open “And”.,books/symbolic-language/editorial-review/2026-07-11-phase-9-grok-full-book/patches/MEAT-9470.diff,books/symbolic-language/editorial-review/2026-07-11-phase-9-grok-full-book/previews/MEAT-9470.md,P9-C001,7b2e26ed0f6684bb,,,,
MEAT-9471,pending,localized,tone-register,medium,books/symbolic-language/47-butter.adoc,80,80,Strip meta-talk about “this book”.,books/symbolic-language/editorial-review/2026-07-11-phase-9-grok-full-book/patches/MEAT-9471.diff,books/symbolic-language/editorial-review/2026-07-11-phase-9-grok-full-book/previews/MEAT-9471.md,P9-C001,9b900eeda4ee0d31,,,,
MEAT-9472,pending,localized,ai-sounding-staging,high,books/symbolic-language/47-butter.adoc,84,85,Remove “mark” staging and sentence-open “And”.,books/symbolic-language/editorial-review/2026-07-11-phase-9-grok-full-book/patches/MEAT-9472.diff,books/symbolic-language/editorial-review/2026-07-11-phase-9-grok-full-book/previews/MEAT-9472.md,P9-C001,8048584e0d4af48e,,,,
MEAT-9473,pending,localized,sentence-open,high,books/symbolic-language/48-the-other-white-meat.adoc,31,31,Remove sentence-initial That from author prose.,books/symbolic-language/editorial-review/2026-07-11-phase-9-grok-full-book/patches/MEAT-9473.diff,books/symbolic-language/editorial-review/2026-07-11-phase-9-grok-full-book/previews/MEAT-9473.md,P9-C001,c9781a6bb1b27615,,,,
MEAT-9474,pending,localized,ai-sounding-staging,high,books/symbolic-language/48-the-other-white-meat.adoc,46,46,Remove director cue Mark its.,books/symbolic-language/editorial-review/2026-07-11-phase-9-grok-full-book/patches/MEAT-9474.diff,books/symbolic-language/editorial-review/2026-07-11-phase-9-grok-full-book/previews/MEAT-9474.md,P9-C001,308ffa30dcda09b1,,,,
MEAT-9475,pending,localized,sentence-open,high,books/symbolic-language/48-the-other-white-meat.adoc,60,60,Fix And-open and embedded mark that cue.,books/symbolic-language/editorial-review/2026-07-11-phase-9-grok-full-book/patches/MEAT-9475.diff,books/symbolic-language/editorial-review/2026-07-11-phase-9-grok-full-book/previews/MEAT-9475.md,P9-C001,9891f9b905977415,,,,
MEAT-9476,pending,localized,ai-sounding-staging,high,books/symbolic-language/48-the-other-white-meat.adoc,79,79,Remove Now hear staging.,books/symbolic-language/editorial-review/2026-07-11-phase-9-grok-full-book/patches/MEAT-9476.diff,books/symbolic-language/editorial-review/2026-07-11-phase-9-grok-full-book/previews/MEAT-9476.md,P9-C001,70f2b06044e4d005,,,,
MEAT-9477,pending,localized,ai-sounding-staging,high,books/symbolic-language/48-the-other-white-meat.adoc,133,133,Remove Now set director cue.,books/symbolic-language/editorial-review/2026-07-11-phase-9-grok-full-book/patches/MEAT-9477.diff,books/symbolic-language/editorial-review/2026-07-11-phase-9-grok-full-book/previews/MEAT-9477.md,P9-C001,ce5c65300904ea12,,,,
MEAT-9478,pending,localized,sentence-open,high,books/symbolic-language/48-the-other-white-meat.adoc,135,135,Replace sentence-initial That with This.,books/symbolic-language/editorial-review/2026-07-11-phase-9-grok-full-book/patches/MEAT-9478.diff,books/symbolic-language/editorial-review/2026-07-11-phase-9-grok-full-book/previews/MEAT-9478.md,P9-C001,cea3a3dbebd1634b,,,,
MEAT-9479,pending,localized,sentence-open,high,books/symbolic-language/48-the-other-white-meat.adoc,153,153,Remove sentence-initial But.,books/symbolic-language/editorial-review/2026-07-11-phase-9-grok-full-book/patches/MEAT-9479.diff,books/symbolic-language/editorial-review/2026-07-11-phase-9-grok-full-book/previews/MEAT-9479.md,P9-C001,fa03de8e3c6d4c3a,,,,
MEAT-9480,pending,localized,ai-sounding-staging,high,books/symbolic-language/48-the-other-white-meat.adoc,158,158,Remove Now weigh director cue.,books/symbolic-language/editorial-review/2026-07-11-phase-9-grok-full-book/patches/MEAT-9480.diff,books/symbolic-language/editorial-review/2026-07-11-phase-9-grok-full-book/previews/MEAT-9480.md,P9-C001,019c062d8b241540,,,,
MEAT-9481,pending,localized,ai-sounding-staging,high,books/symbolic-language/48-the-other-white-meat.adoc,175,175,Remove second-person director cue that recaps prior viewing.,books/symbolic-language/editorial-review/2026-07-11-phase-9-grok-full-book/patches/MEAT-9481.diff,books/symbolic-language/editorial-review/2026-07-11-phase-9-grok-full-book/previews/MEAT-9481.md,P9-C001,c6f5830f41bc7c48,,,,
MEAT-9482,pending,localized,sentence-open,high,books/symbolic-language/49-glossary.adoc,10,10,Remove forbidden sentence-initial And in author prose.,books/symbolic-language/editorial-review/2026-07-11-phase-9-grok-full-book/patches/MEAT-9482.diff,books/symbolic-language/editorial-review/2026-07-11-phase-9-grok-full-book/previews/MEAT-9482.md,P9-C001,062a7631311b841e,,,,
MEAT-9483,pending,localized,clarity,high,books/symbolic-language/49-glossary.adoc,14,14,"Fix count style, relative-clause grammar, and meta weighing language.",books/symbolic-language/editorial-review/2026-07-11-phase-9-grok-full-book/patches/MEAT-9483.diff,books/symbolic-language/editorial-review/2026-07-11-phase-9-grok-full-book/previews/MEAT-9483.md,P9-C001,fdd303eabf393ecf,,,,
MEAT-9484,pending,localized,grammar,medium,books/symbolic-language/49-glossary.adoc,156,156,Fix broken parallel between passive and active verbs.,books/symbolic-language/editorial-review/2026-07-11-phase-9-grok-full-book/patches/MEAT-9484.diff,books/symbolic-language/editorial-review/2026-07-11-phase-9-grok-full-book/previews/MEAT-9484.md,P9-C001,6af25b6cd55c0f33,,,,
MEAT-9485,pending,localized,readability,medium,books/symbolic-language/49-glossary.adoc,178,178,Clarify the definitional phrase and drop modern tech register.,books/symbolic-language/editorial-review/2026-07-11-phase-9-grok-full-book/patches/MEAT-9485.diff,books/symbolic-language/editorial-review/2026-07-11-phase-9-grok-full-book/previews/MEAT-9485.md,P9-C001,cd98d4d54617f54d,,,,
MEAT-9486,pending,localized,clarity,low,books/symbolic-language/49-glossary.adoc,216,216,Replace compressed “is” with “means” for the equation.,books/symbolic-language/editorial-review/2026-07-11-phase-9-grok-full-book/patches/MEAT-9486.diff,books/symbolic-language/editorial-review/2026-07-11-phase-9-grok-full-book/previews/MEAT-9486.md,P9-C001,855e873094ecd6a0,,,,
MEAT-9487,pending,localized,typo,low,books/symbolic-language/49-glossary.adoc,271,271,Replace curly apostrophe with ASCII apostrophe in source.,books/symbolic-language/editorial-review/2026-07-11-phase-9-grok-full-book/patches/MEAT-9487.diff,books/symbolic-language/editorial-review/2026-07-11-phase-9-grok-full-book/previews/MEAT-9487.md,P9-C001,e5992a708f67a956,,,,
MEAT-9488,pending,localized,typo,low,books/symbolic-language/49-glossary.adoc,290,290,Replace curly apostrophe with ASCII apostrophe in source.,books/symbolic-language/editorial-review/2026-07-11-phase-9-grok-full-book/patches/MEAT-9488.diff,books/symbolic-language/editorial-review/2026-07-11-phase-9-grok-full-book/previews/MEAT-9488.md,P9-C001,0c5e3b35d123032a,,,,
MEAT-9489,pending,localized,grammar,high,books/symbolic-language/49-glossary.adoc,356,356,Insert missing relative pronoun before the object clause.,books/symbolic-language/editorial-review/2026-07-11-phase-9-grok-full-book/patches/MEAT-9489.diff,books/symbolic-language/editorial-review/2026-07-11-phase-9-grok-full-book/previews/MEAT-9489.md,P9-C001,761054d3e5283465,,,,
MEAT-9490,pending,localized,clarity,high,books/symbolic-language/49-glossary.adoc,308,308,Repair the ungrammatical apposition at the end of the Meat definition.,books/symbolic-language/editorial-review/2026-07-11-phase-9-grok-full-book/patches/MEAT-9490.diff,books/symbolic-language/editorial-review/2026-07-11-phase-9-grok-full-book/previews/MEAT-9490.md,P9-C001,5d9c044001fb77f9,,,,
MEAT-9491,pending,localized,clarity,medium,books/symbolic-language/49-glossary.adoc,347,347,Un-invert the final clause so the subject precedes its object.,books/symbolic-language/editorial-review/2026-07-11-phase-9-grok-full-book/patches/MEAT-9491.diff,books/symbolic-language/editorial-review/2026-07-11-phase-9-grok-full-book/previews/MEAT-9491.md,P9-C001,3191ab435deb71d4,,,,
MEAT-9492,pending,localized,grammar,medium,books/symbolic-language/49-glossary.adoc,421,421,Convert the trailing fragment into a complete sentence.,books/symbolic-language/editorial-review/2026-07-11-phase-9-grok-full-book/patches/MEAT-9492.diff,books/symbolic-language/editorial-review/2026-07-11-phase-9-grok-full-book/previews/MEAT-9492.md,P9-C001,6655240b58f373ac,,,,
MEAT-9493,pending,localized,factual,high,books/symbolic-language/49-glossary.adoc,485,485,Strip TimeTested.Bible and the derived clause from the always-on seeref.,books/symbolic-language/editorial-review/2026-07-11-phase-9-grok-full-book/patches/MEAT-9493.diff,books/symbolic-language/editorial-review/2026-07-11-phase-9-grok-full-book/previews/MEAT-9493.md,P9-C001,691ab5168e531087,,,,
MEAT-9494,pending,localized,grammar,medium,books/symbolic-language/49-glossary.adoc,437,437,Replace dangling past participle with a relative clause.,books/symbolic-language/editorial-review/2026-07-11-phase-9-grok-full-book/patches/MEAT-9494.diff,books/symbolic-language/editorial-review/2026-07-11-phase-9-grok-full-book/previews/MEAT-9494.md,P9-C001,1fb2e03783090053,,,,
MEAT-9495,pending,localized,grammar,medium,books/symbolic-language/49-glossary.adoc,505,505,Insert “as” so the jubilee model is grammatical.,books/symbolic-language/editorial-review/2026-07-11-phase-9-grok-full-book/patches/MEAT-9495.diff,books/symbolic-language/editorial-review/2026-07-11-phase-9-grok-full-book/previews/MEAT-9495.md,P9-C001,f1ae69911ebf178c,,,,
MEAT-9496,pending,localized,grammar,medium,books/symbolic-language/49-glossary.adoc,520,520,Add the relative “that” before “a people has borne.”,books/symbolic-language/editorial-review/2026-07-11-phase-9-grok-full-book/patches/MEAT-9496.diff,books/symbolic-language/editorial-review/2026-07-11-phase-9-grok-full-book/previews/MEAT-9496.md,P9-C001,80b8b8944554332d,,,,
MEAT-9497,pending,localized,tone-register,low,books/symbolic-language/49-glossary.adoc,456,456,Change noun “decode” to “decoding.”,books/symbolic-language/editorial-review/2026-07-11-phase-9-grok-full-book/patches/MEAT-9497.diff,books/symbolic-language/editorial-review/2026-07-11-phase-9-grok-full-book/previews/MEAT-9497.md,P9-C001,52b412e2dcf5cd42,,,,
MEAT-9498,pending,localized,readability,low,books/symbolic-language/49-glossary.adoc,487,487,"Punctuate “virgins, plural,” for clarity.",books/symbolic-language/editorial-review/2026-07-11-phase-9-grok-full-book/patches/MEAT-9498.diff,books/symbolic-language/editorial-review/2026-07-11-phase-9-grok-full-book/previews/MEAT-9498.md,P9-C001,40e5e32aabfd9f0a,,,,
MEAT-9499,pending,localized,clarity,medium,books/symbolic-language/50-about-the-author.adoc,12,12,Add comma after “design” and split the overloaded sentence at the colon.,books/symbolic-language/editorial-review/2026-07-11-phase-9-grok-full-book/patches/MEAT-9499.diff,books/symbolic-language/editorial-review/2026-07-11-phase-9-grok-full-book/previews/MEAT-9499.md,P9-C001,64f77e9d477c8fbb,,,,
MEAT-P9-C001,pending,systematic,campaign,medium,,,,Grok Full-Book Localized Edits,,books/symbolic-language/editorial-review/2026-07-11-phase-9-grok-full-book/campaigns/p9-c001.md,P9-C001,,,,,
MEAT-P9-C002,pending,systematic,campaign,medium,,,,Chapter Notes Corpus,,books/symbolic-language/editorial-review/2026-07-11-phase-9-grok-full-book/campaigns/p9-c002.md,P9-C002,,,,,
MEAT-P9-C003,pending,systematic,campaign,medium,,,,Deferred Systematic Passes,,books/symbolic-language/editorial-review/2026-07-11-phase-9-grok-full-book/campaigns/p9-c003.md,P9-C003,,,,,
